,Puts,Bid,Ask,Vol,Expiration,Strike,Put IV
449,17 Jul 147.00 (AAPL1714S147-3),0.1,5.1,0,12,147.0,0.127404553977
455,17 Jul 147.00 (AAPL1714S147-I),0.1,5.1,0,12,147.0,0.127404553977
465,17 Jul 148.00 (AAPL1714S148-3),1.0,6.0,0,12,148.0,0.144120934294
471,17 Jul 148.00 (AAPL1714S148-I),1.0,6.0,0,12,148.0,0.144120934294
481,17 Jul 149.00 (AAPL1714S149-3),1.95,6.95,0,12,149.0,0.163376007428
487,17 Jul 149.00 (AAPL1714S149-I),1.95,6.95,0,12,149.0,0.163376007428
497,17 Jul 150.00 (AAPL1714S150-3),2.9,7.9,0,12,150.0,0.179924456185
503,17 Jul 150.00 (AAPL1714S150-I),2.9,7.9,0,12,150.0,0.179924456185
513,17 Jul 152.50 (AAPL1714S152.5-3),5.4,10.4,0,12,152.5,0.235747399761
519,17 Jul 152.50 (AAPL1714S152.5-I),5.4,10.4,0,12,152.5,0.235747399761
529,17 Jul 155.00 (AAPL1714S155-3),7.9,12.9,0,12,155.0,0.287528895176
535,17 Jul 155.00 (AAPL1714S155-I),7.9,12.9,0,12,155.0,0.287528895176
545,17 Jul 157.50 (AAPL1714S157.5-3),10.4,15.4,0,12,157.5,0.336379617233
551,17 Jul 157.50 (AAPL1714S157.5-I),10.4,15.4,0,12,157.5,0.336379617233
561,17 Jul 160.00 (AAPL1714S160-3),12.9,17.9,0,12,160.0,0.38291866408
567,17 Jul 160.00 (AAPL1714S160-I),12.9,17.9,0,12,160.0,0.38291866408
577,17 Jul 162.50 (AAPL1714S162.5-3),15.4,20.4,0,12,162.5,0.427540048669
583,17 Jul 162.50 (AAPL1714S162.5-I),15.4,20.4,0,12,162.5,0.427540048669
593,17 Jul 165.00 (AAPL1714S165-3),17.9,22.9,0,12,165.0,0.470516784959
599,17 Jul 165.00 (AAPL1714S165-I),17.9,22.9,0,12,165.0,0.470516784959
609,17 Jul 167.50 (AAPL1714S167.5-3),20.4,25.4,0,12,167.5,0.512049631425
615,17 Jul 167.50 (AAPL1714S167.5-I),20.4,25.4,0,12,167.5,0.512049631425
625,17 Jul 170.00 (AAPL1714S170-3),22.9,27.9,0,12,170.0,0.55229284051
631,17 Jul 170.00 (AAPL1714S170-I),22.9,27.9,0,12,170.0,0.55229284051
641,17 Jul 172.50 (AAPL1714S172.5-3),25.4,30.4,0,12,172.5,0.591368994203
647,17 Jul 172.50 (AAPL1714S172.5-I),25.4,30.4,0,12,172.5,0.591368994203
657,17 Jul 175.00 (AAPL1714S175-3),27.9,32.9,0,12,175.0,0.629378133505
663,17 Jul 175.00 (AAPL1714S175-I),27.9,32.9,0,12,175.0,0.629378133505
673,17 Jul 177.50 (AAPL1714S177.5-3),30.4,35.4,0,12,177.5,0.666403675709
679,17 Jul 177.50 (AAPL1714S177.5-I),30.4,35.4,0,12,177.5,0.666403675709
689,17 Jul 180.00 (AAPL1714S180-3),32.9,37.9,0,12,180.0,0.702516414395
695,17 Jul 180.00 (AAPL1714S180-I),32.9,37.9,0,12,180.0,0.702516414395
705,17 Jul 182.50 (AAPL1714S182.5-3),35.4,40.4,0,12,182.5,0.737777319178
711,17 Jul 182.50 (AAPL1714S182.5-I),35.4,40.4,0,12,182.5,0.737777319178
721,17 Jul 185.00 (AAPL1714S185-3),37.9,42.9,0,12,185.0,0.772239553735
727,17 Jul 185.00 (AAPL1714S185-I),37.9,42.9,0,12,185.0,0.772239553735
737,17 Jul 187.50 (AAPL1714S187.5-3),40.4,45.4,0,12,187.5,0.805949967347
743,17 Jul 187.50 (AAPL1714S187.5-I),40.4,45.4,0,12,187.5,0.805949967347
753,17 Jul 190.00 (AAPL1714S190-3),42.9,47.9,0,12,190.0,0.838950221539
759,17 Jul 190.00 (AAPL1714S190-I),42.9,47.9,0,12,190.0,0.838950221539
769,17 Jul 195.00 (AAPL1714S195-3),47.9,52.9,0,12,195.0,0.902965974584
775,17 Jul 195.00 (AAPL1714S195-I),47.9,52.9,0,12,195.0,0.902965974584
785,17 Jul 200.00 (AAPL1714S200-3),52.9,57.9,0,12,200.0,0.964544976373
791,17 Jul 200.00 (AAPL1714S200-I),52.9,57.9,0,12,200.0,0.964544976373
801,17 Jul 210.00 (AAPL1714S210-3),62.9,67.9,0,12,210.0,1.081219322
807,17 Jul 210.00 (AAPL1714S210-I),62.9,67.9,0,12,210.0,1.081219322
1489,17 Jul 145.00 (AAPL1721S145-3),0.45,5.45,0,12,145.0,0.279722832927
1495,17 Jul 145.00 (AAPL1721S145-I),0.45,5.45,0,12,145.0,0.279722832927
1521,17 Jul 147.00 (AAPL1721S147-3),0.65,5.65,0,12,147.0,0.18639872832
1527,17 Jul 147.00 (AAPL1721S147-I),0.65,5.65,0,12,147.0,0.18639872832
1537,17 Jul 148.00 (AAPL1721S148-3),1.4,6.4,0,12,148.0,0.191912433597
1543,17 Jul 148.00 (AAPL1721S148-I),1.4,6.4,0,12,148.0,0.191912433597
1553,17 Jul 149.00 (AAPL1721S149-3),2.2,7.2,0,12,149.0,0.196948598281
1559,17 Jul 149.00 (AAPL1721S149-I),2.2,7.2,0,12,149.0,0.196948598281
1569,17 Jul 150.00 (AAPL1721S150-3),3.1,8.1,0,12,150.0,0.209897991462
1575,17 Jul 150.00 (AAPL1721S150-I),3.1,8.1,0,12,150.0,0.209897991462
1585,17 Jul 152.50 (AAPL1721S152.5-3),5.45,10.45,0,12,152.5,0.244895406083
1591,17 Jul 152.50 (AAPL1721S152.5-I),5.45,10.45,0,12,152.5,0.244895406083
1601,17 Jul 155.00 (AAPL1721S155-3),7.95,12.95,0,12,155.0,0.297754923997
1607,17 Jul 155.00 (AAPL1721S155-I),7.95,12.95,0,12,155.0,0.297754923997
1617,17 Jul 157.50 (AAPL1721S157.5-3),10.4,15.4,0,12,157.5,0.336379617233
1623,17 Jul 157.50 (AAPL1721S157.5-I),10.4,15.4,0,12,157.5,0.336379617233
1633,17 Jul 160.00 (AAPL1721S160-3),12.9,17.9,0,12,160.0,0.38291866408
1639,17 Jul 160.00 (AAPL1721S160-I),12.9,17.9,0,12,160.0,0.38291866408
1649,17 Jul 162.50 (AAPL1721S162.5-3),15.4,20.4,0,12,162.5,0.427540048669
1655,17 Jul 162.50 (AAPL1721S162.5-I),15.4,20.4,0,12,162.5,0.427540048669
1665,17 Jul 165.00 (AAPL1721S165-3),17.9,22.9,0,12,165.0,0.470516784959
1671,17 Jul 165.00 (AAPL1721S165-I),17.9,22.9,0,12,165.0,0.470516784959
1681,17 Jul 167.50 (AAPL1721S167.5-3),20.4,25.4,0,12,167.5,0.512049631425
1687,17 Jul 167.50 (AAPL1721S167.5-I),20.4,25.4,0,12,167.5,0.512049631425
1697,17 Jul 170.00 (AAPL1721S170-3),22.9,27.9,0,12,170.0,0.55229284051
1703,17 Jul 170.00 (AAPL1721S170-I),22.9,27.9,0,12,170.0,0.55229284051
1713,17 Jul 172.50 (AAPL1721S172.5-3),25.4,30.4,0,12,172.5,0.591368994203
1719,17 Jul 172.50 (AAPL1721S172.5-I),25.4,30.4,0,12,172.5,0.591368994203
1729,17 Jul 175.00 (AAPL1721S175-3),27.9,32.9,0,12,175.0,0.629378133505
1735,17 Jul 175.00 (AAPL1721S175-I),27.9,32.9,0,12,175.0,0.629378133505
1745,17 Jul 180.00 (AAPL1721S180-3),32.9,37.9,0,12,180.0,0.702516414395
1751,17 Jul 180.00 (AAPL1721S180-I),32.9,37.9,0,12,180.0,0.702516414395
1761,17 Jul 185.00 (AAPL1721S185-3),37.9,42.9,0,12,185.0,0.772239553735
1767,17 Jul 185.00 (AAPL1721S185-I),37.9,42.9,0,12,185.0,0.772239553735
1777,17 Jul 190.00 (AAPL1721S190-3),42.9,47.9,0,12,190.0,0.838950221539
1783,17 Jul 190.00 (AAPL1721S190-I),42.9,47.9,0,12,190.0,0.838950221539
1793,17 Jul 195.00 (AAPL1721S195-3),47.9,52.9,0,12,195.0,0.902965974584
1799,17 Jul 195.00 (AAPL1721S195-I),47.9,52.9,0,12,195.0,0.902965974584
1809,17 Jul 200.00 (AAPL1721S200-3),52.9,57.9,0,12,200.0,0.964544976373
1815,17 Jul 200.00 (AAPL1721S200-I),52.9,57.9,0,12,200.0,0.964544976373
1825,17 Jul 205.00 (AAPL1721S205-3),57.9,62.9,0,12,205.0,1.02390206137
1831,17 Jul 205.00 (AAPL1721S205-I),57.9,62.9,0,12,205.0,1.02390206137
1841,17 Jul 210.00 (AAPL1721S210-3),62.9,67.9,0,12,210.0,1.081219322
1847,17 Jul 210.00 (AAPL1721S210-I),62.9,67.9,0,12,210.0,1.081219322
1857,17 Jul 215.00 (AAPL1721S215-3),67.9,72.9,0,12,215.0,1.1366533953
1863,17 Jul 215.00 (AAPL1721S215-I),67.9,72.9,0,12,215.0,1.1366533953
1873,17 Jul 220.00 (AAPL1721S220-3),72.9,77.9,0,12,220.0,1.19034066071
1879,17 Jul 220.00 (AAPL1721S220-I),72.9,77.9,0,12,220.0,1.19034066071
1889,17 Jul 225.00 (AAPL1721S225-3),77.9,82.9,0,12,225.0,1.24240106048
1895,17 Jul 225.00 (AAPL1721S225-I),77.9,82.9,0,12,225.0,1.24240106048
1905,17 Jul 230.00 (AAPL1721S230-3),82.9,87.9,0,12,230.0,1.29294097982
1911,17 Jul 230.00 (AAPL1721S230-I),82.9,87.9,0,12,230.0,1.29294097982
2257,17 Jul 146.00 (AAPL1728S146-3),0.5,5.5,0,12,146.0,0.232690949704
2263,17 Jul 146.00 (AAPL1728S146-I),0.5,5.5,0,12,146.0,0.232690949704
2273,17 Jul 147.00 (AAPL1728S147-3),1.1,6.1,0,12,147.0,0.232050562772
2279,17 Jul 147.00 (AAPL1728S147-I),1.1,6.1,0,12,147.0,0.232050562772
2289,17 Jul 148.00 (AAPL1728S148-3),1.8,6.8,0,12,148.0,0.235548674868
2295,17 Jul 148.00 (AAPL1728S148-I),1.8,6.8,0,12,148.0,0.235548674868
2305,17 Jul 149.00 (AAPL1728S149-3),2.55,7.55,0,12,149.0,0.238958799837
2311,17 Jul 149.00 (AAPL1728S149-I),2.55,7.55,0,12,149.0,0.238958799837
2321,17 Jul 150.00 (AAPL1728S150-3),3.35,8.35,0,12,150.0,0.243078660865
2327,17 Jul 150.00 (AAPL1728S150-I),3.35,8.35,0,12,150.0,0.243078660865
2337,17 Jul 152.50 (AAPL1728S152.5-3),5.6,10.6,0,12,152.5,0.270068436959
2343,17 Jul 152.50 (AAPL1728S152.5-I),5.6,10.6,0,12,152.5,0.270068436959
2353,17 Jul 155.00 (AAPL1728S155-3),7.95,12.95,0,12,155.0,0.297754923997
2359,17 Jul 155.00 (AAPL1728S155-I),7.95,12.95,0,12,155.0,0.297754923997
2369,17 Jul 157.50 (AAPL1728S157.5-3),10.4,15.4,0,12,157.5,0.336379617233
2375,17 Jul 157.50 (AAPL1728S157.5-I),10.4,15.4,0,12,157.5,0.336379617233
2385,17 Jul 160.00 (AAPL1728S160-3),12.9,17.9,0,12,160.0,0.38291866408
2391,17 Jul 160.00 (AAPL1728S160-I),12.9,17.9,0,12,160.0,0.38291866408
2401,17 Jul 162.50 (AAPL1728S162.5-3),15.4,20.4,0,12,162.5,0.427540048669
2407,17 Jul 162.50 (AAPL1728S162.5-I),15.4,20.4,0,12,162.5,0.427540048669
2417,17 Jul 165.00 (AAPL1728S165-3),17.9,22.9,0,12,165.0,0.470516784959
2423,17 Jul 165.00 (AAPL1728S165-I),17.9,22.9,0,12,165.0,0.470516784959
2433,17 Jul 167.50 (AAPL1728S167.5-3),20.4,25.4,0,12,167.5,0.512049631425
2439,17 Jul 167.50 (AAPL1728S167.5-I),20.4,25.4,0,12,167.5,0.512049631425
2449,17 Jul 170.00 (AAPL1728S170-3),22.9,27.9,0,12,170.0,0.55229284051
2455,17 Jul 170.00 (AAPL1728S170-I),22.9,27.9,0,12,170.0,0.55229284051
2465,17 Jul 172.50 (AAPL1728S172.5-3),25.4,30.4,0,12,172.5,0.591368994203
2471,17 Jul 172.50 (AAPL1728S172.5-I),25.4,30.4,0,12,172.5,0.591368994203
2481,17 Jul 175.00 (AAPL1728S175-3),27.9,32.9,0,12,175.0,0.629378133505
2487,17 Jul 175.00 (AAPL1728S175-I),27.9,32.9,0,12,175.0,0.629378133505
2497,17 Jul 177.50 (AAPL1728S177.5-3),30.4,35.4,0,12,177.5,0.666403675709
2503,17 Jul 177.50 (AAPL1728S177.5-I),30.4,35.4,0,12,177.5,0.666403675709
2513,17 Jul 180.00 (AAPL1728S180-3),32.9,37.9,0,12,180.0,0.702516414395
2519,17 Jul 180.00 (AAPL1728S180-I),32.9,37.9,0,12,180.0,0.702516414395
2529,17 Jul 182.50 (AAPL1728S182.5-3),35.4,40.4,0,12,182.5,0.737777319178
2535,17 Jul 182.50 (AAPL1728S182.5-I),35.4,40.4,0,12,182.5,0.737777319178
2545,17 Jul 185.00 (AAPL1728S185-3),37.9,42.9,0,12,185.0,0.772239553735
2551,17 Jul 185.00 (AAPL1728S185-I),37.9,42.9,0,12,185.0,0.772239553735
2561,17 Jul 187.50 (AAPL1728S187.5-3),40.4,45.4,0,12,187.5,0.805949967347
2567,17 Jul 187.50 (AAPL1728S187.5-I),40.4,45.4,0,12,187.5,0.805949967347
2577,17 Jul 190.00 (AAPL1728S190-3),42.9,47.9,0,12,190.0,0.838950221539
2583,17 Jul 190.00 (AAPL1728S190-I),42.9,47.9,0,12,190.0,0.838950221539
2593,17 Jul 195.00 (AAPL1728S195-3),47.9,52.9,0,12,195.0,0.902965974584
2599,17 Jul 195.00 (AAPL1728S195-I),47.9,52.9,0,12,195.0,0.902965974584
2609,17 Jul 200.00 (AAPL1728S200-3),52.9,57.9,0,12,200.0,0.964544976373
2615,17 Jul 200.00 (AAPL1728S200-I),52.9,57.9,0,12,200.0,0.964544976373
2625,17 Jul 210.00 (AAPL1728S210-3),62.9,67.9,0,12,210.0,1.081219322
2631,17 Jul 210.00 (AAPL1728S210-I),62.9,67.9,0,12,210.0,1.081219322
2865,17 Aug 142.00 (AAPL1704T142-3),0.05,5.05,0,43,142.0,0.191421159201
2871,17 Aug 142.00 (AAPL1704T142-I),0.05,5.05,0,43,142.0,0.191421159201
2881,17 Aug 143.00 (AAPL1704T143-3),0.45,5.45,0,43,143.0,0.190419345014
2887,17 Aug 143.00 (AAPL1704T143-I),0.45,5.45,0,43,143.0,0.190419345014
2897,17 Aug 144.00 (AAPL1704T144-3),0.85,5.85,0,43,144.0,0.187321901682
2903,17 Aug 144.00 (AAPL1704T144-I),0.85,5.85,0,43,144.0,0.187321901682
2913,17 Aug 145.00 (AAPL1704T145-3),1.3,6.3,0,43,145.0,0.184652375267
2919,17 Aug 145.00 (AAPL1704T145-I),1.3,6.3,0,43,145.0,0.184652375267
2929,17 Aug 146.00 (AAPL1704T146-3),1.9,6.9,0,43,146.0,0.187408542199
2935,17 Aug 146.00 (AAPL1704T146-I),1.9,6.9,0,43,146.0,0.187408542199
2945,17 Aug 147.00 (AAPL1704T147-3),2.4,7.4,0,43,147.0,0.182898615849
2951,17 Aug 147.00 (AAPL1704T147-I),2.4,7.4,0,43,147.0,0.182898615849
2961,17 Aug 148.00 (AAPL1704T148-3),3.0,8.0,0,43,148.0,0.181286926768
2967,17 Aug 148.00 (AAPL1704T148-I),3.0,8.0,0,43,148.0,0.181286926768
2977,17 Aug 149.00 (AAPL1704T149-3),3.65,8.65,0,43,149.0,0.180107881206
2983,17 Aug 149.00 (AAPL1704T149-I),3.65,8.65,0,43,149.0,0.180107881206
2993,17 Aug 150.00 (AAPL1704T150-3),4.35,9.35,0,43,150.0,0.179508354365
2999,17 Aug 150.00 (AAPL1704T150-I),4.35,9.35,0,43,150.0,0.179508354365
3009,17 Aug 152.50 (AAPL1704T152.5-3),6.25,11.25,0,43,152.5,0.17757375265
3015,17 Aug 152.50 (AAPL1704T152.5-I),6.25,11.25,0,43,152.5,0.17757375265
3025,17 Aug 155.00 (AAPL1704T155-3),8.4,13.4,0,43,155.0,0.180927400444
3031,17 Aug 155.00 (AAPL1704T155-I),8.4,13.4,0,43,155.0,0.180927400444
3041,17 Aug 157.50 (AAPL1704T157.5-3),10.65,15.65,0,43,157.5,0.182309589641
3047,17 Aug 157.50 (AAPL1704T157.5-I),10.65,15.65,0,43,157.5,0.182309589641
3057,17 Aug 160.00 (AAPL1704T160-3),13.05,18.05,0,43,160.0,0.193276278546
3063,17 Aug 160.00 (AAPL1704T160-I),13.05,18.05,0,43,160.0,0.193276278546
3073,17 Aug 162.50 (AAPL1704T162.5-3),15.45,20.45,0,43,162.5,0.198341350831
3079,17 Aug 162.50 (AAPL1704T162.5-I),15.45,20.45,0,43,162.5,0.198341350831
3089,17 Aug 165.00 (AAPL1704T165-3),17.95,22.95,0,43,165.0,0.219547152538
3095,17 Aug 165.00 (AAPL1704T165-I),17.95,22.95,0,43,165.0,0.219547152538
3105,17 Aug 167.50 (AAPL1704T167.5-3),20.4,25.4,0,43,167.5,0.227848191566
3111,17 Aug 167.50 (AAPL1704T167.5-I),20.4,25.4,0,43,167.5,0.227848191566
3121,17 Aug 170.00 (AAPL1704T170-3),22.9,27.9,0,43,170.0,0.247378563972
3127,17 Aug 170.00 (AAPL1704T170-I),22.9,27.9,0,43,170.0,0.247378563972
3137,17 Aug 172.50 (AAPL1704T172.5-3),25.4,30.4,0,43,172.5,0.266469779151
3143,17 Aug 172.50 (AAPL1704T172.5-I),25.4,30.4,0,43,172.5,0.266469779151
3153,17 Aug 175.00 (AAPL1704T175-3),27.9,32.9,0,43,175.0,0.285156003505
3159,17 Aug 175.00 (AAPL1704T175-I),27.9,32.9,0,43,175.0,0.285156003505
3377,17 Aug 141.00 (AAPL1711T141-3),0.25,5.25,0,43,141.0,0.223090925984
3383,17 Aug 141.00 (AAPL1711T141-I),0.25,5.25,0,43,141.0,0.223090925984
3393,17 Aug 142.00 (AAPL1711T142-3),0.6,5.6,0,43,142.0,0.220524559779
3399,17 Aug 142.00 (AAPL1711T142-I),0.6,5.6,0,43,142.0,0.220524559779
3409,17 Aug 143.00 (AAPL1711T143-3),1.05,6.05,0,43,143.0,0.221375484358
3415,17 Aug 143.00 (AAPL1711T143-I),1.05,6.05,0,43,143.0,0.221375484358
3425,17 Aug 144.00 (AAPL1711T144-3),1.5,6.5,0,43,144.0,0.220347946975
3431,17 Aug 144.00 (AAPL1711T144-I),1.5,6.5,0,43,144.0,0.220347946975
3441,17 Aug 145.00 (AAPL1711T145-3),2.0,7.0,0,43,145.0,0.220019462163
3447,17 Aug 145.00 (AAPL1711T145-I),2.0,7.0,0,43,145.0,0.220019462163
3457,17 Aug 146.00 (AAPL1711T146-3),2.5,7.5,0,43,146.0,0.217852264615
3463,17 Aug 146.00 (AAPL1711T146-I),2.5,7.5,0,43,146.0,0.217852264615
3473,17 Aug 147.00 (AAPL1711T147-3),3.1,8.1,0,43,147.0,0.218932410142
3479,17 Aug 147.00 (AAPL1711T147-I),3.1,8.1,0,43,147.0,0.218932410142
3489,17 Aug 148.00 (AAPL1711T148-3),3.7,8.7,0,43,148.0,0.218217833483
3495,17 Aug 148.00 (AAPL1711T148-I),3.7,8.7,0,43,148.0,0.218217833483
3505,17 Aug 149.00 (AAPL1711T149-3),4.35,9.35,0,43,149.0,0.218331529162
3511,17 Aug 149.00 (AAPL1711T149-I),4.35,9.35,0,43,149.0,0.218331529162
3521,17 Aug 150.00 (AAPL1711T150-3),5.05,10.05,0,43,150.0,0.21942255513
3527,17 Aug 150.00 (AAPL1711T150-I),5.05,10.05,0,43,150.0,0.21942255513
3537,17 Aug 152.50 (AAPL1711T152.5-3),6.95,11.95,0,43,152.5,0.223747335387
3543,17 Aug 152.50 (AAPL1711T152.5-I),6.95,11.95,0,43,152.5,0.223747335387
3553,17 Aug 155.00 (AAPL1711T155-3),9.0,14.0,0,43,155.0,0.228376278531
3559,17 Aug 155.00 (AAPL1711T155-I),9.0,14.0,0,43,155.0,0.228376278531
3569,17 Aug 157.50 (AAPL1711T157.5-3),11.25,16.25,0,43,157.5,0.240178425151
3575,17 Aug 157.50 (AAPL1711T157.5-I),11.25,16.25,0,43,157.5,0.240178425151
3585,17 Aug 160.00 (AAPL1711T160-3),13.55,18.55,0,43,160.0,0.250855884407
3591,17 Aug 160.00 (AAPL1711T160-I),13.55,18.55,0,43,160.0,0.250855884407
3601,17 Aug 162.50 (AAPL1711T162.5-3),15.95,20.95,0,43,162.5,0.267133623849
3607,17 Aug 162.50 (AAPL1711T162.5-I),15.95,20.95,0,43,162.5,0.267133623849
3617,17 Aug 165.00 (AAPL1711T165-3),18.4,23.4,0,43,165.0,0.28651561346
3623,17 Aug 165.00 (AAPL1711T165-I),18.4,23.4,0,43,165.0,0.28651561346
3633,17 Aug 167.50 (AAPL1711T167.5-3),20.85,25.85,0,43,167.5,0.304305238432
3639,17 Aug 167.50 (AAPL1711T167.5-I),20.85,25.85,0,43,167.5,0.304305238432
3649,17 Aug 170.00 (AAPL1711T170-3),23.3,28.3,0,43,170.0,0.320569825566
3655,17 Aug 170.00 (AAPL1711T170-I),23.3,28.3,0,43,170.0,0.320569825566
3665,17 Aug 172.50 (AAPL1711T172.5-3),25.8,30.8,0,43,172.5,0.342581101024
3671,17 Aug 172.50 (AAPL1711T172.5-I),25.8,30.8,0,43,172.5,0.342581101024
3681,17 Aug 175.00 (AAPL1711T175-3),28.25,33.25,0,43,175.0,0.356506929852
3687,17 Aug 175.00 (AAPL1711T175-I),28.25,33.25,0,43,175.0,0.356506929852
4193,17 Aug 135.00 (AAPL1718T135-3),0.6,5.4,0,43,135.0,0.354607508178
4199,17 Aug 135.00 (AAPL1718T135-I),0.6,5.4,0,43,135.0,0.354607508178
4209,17 Aug 140.00 (AAPL1718T140-3),1.36,6.25,0,43,140.0,0.30126556726
4215,17 Aug 140.00 (AAPL1718T140-I),1.42,6.25,0,43,140.0,0.30288957754
4225,17 Aug 145.00 (AAPL1718T145-3),2.2,7.2,0,43,145.0,0.230124988906
4231,17 Aug 145.00 (AAPL1718T145-I),2.2,7.2,0,43,145.0,0.230124988906
4241,17 Aug 150.00 (AAPL1718T150-3),5.25,10.25,0,43,150.0,0.230485826302
4247,17 Aug 150.00 (AAPL1718T150-I),5.25,10.25,0,43,150.0,0.230485826302
4257,17 Aug 155.00 (AAPL1718T155-3),9.15,14.15,0,43,155.0,0.238947327519
4263,17 Aug 155.00 (AAPL1718T155-I),9.15,14.15,0,43,155.0,0.238947327519
4273,17 Aug 160.00 (AAPL1718T160-3),13.65,18.65,0,43,160.0,0.260118020691
4279,17 Aug 160.00 (AAPL1718T160-I),13.65,18.65,0,43,160.0,0.260118020691
4289,17 Aug 165.00 (AAPL1718T165-3),18.45,23.45,0,43,165.0,0.292181075392
4295,17 Aug 165.00 (AAPL1718T165-I),18.45,23.45,0,43,165.0,0.292181075392
4305,17 Aug 170.00 (AAPL1718T170-3),23.35,28.35,0,43,170.0,0.327232313696
4311,17 Aug 170.00 (AAPL1718T170-I),23.35,28.35,0,43,170.0,0.327232313696
4321,17 Aug 175.00 (AAPL1718T175-3),28.3,33.3,0,43,175.0,0.364001069354
4327,17 Aug 175.00 (AAPL1718T175-I),28.3,33.3,0,43,175.0,0.364001069354
4337,17 Aug 180.00 (AAPL1718T180-3),33.3,38.3,0,43,180.0,0.405247994966
4343,17 Aug 180.00 (AAPL1718T180-I),33.3,38.3,0,43,180.0,0.405247994966
4353,17 Aug 185.00 (AAPL1718T185-3),38.25,43.25,0,43,185.0,0.436226543631
4359,17 Aug 185.00 (AAPL1718T185-I),38.25,43.25,0,43,185.0,0.436226543631
4369,17 Aug 190.00 (AAPL1718T190-3),43.25,48.25,0,43,190.0,0.473545482861
4375,17 Aug 190.00 (AAPL1718T190-I),43.25,48.25,0,43,190.0,0.473545482861
4385,17 Aug 195.00 (AAPL1718T195-3),48.25,53.25,0,43,195.0,0.509415898766
4391,17 Aug 195.00 (AAPL1718T195-I),48.25,53.25,0,43,195.0,0.509415898766
4401,17 Aug 200.00 (AAPL1718T200-3),53.2,58.2,0,43,200.0,0.534020167455
4407,17 Aug 200.00 (AAPL1718T200-I),53.2,58.2,0,43,200.0,0.534020167455
4417,17 Aug 205.00 (AAPL1718T205-3),58.2,63.2,0,43,205.0,0.567077209417
4423,17 Aug 205.00 (AAPL1718T205-I),58.2,63.2,0,43,205.0,0.567077209417
4433,17 Aug 210.00 (AAPL1718T210-3),63.2,68.2,0,43,210.0,0.599064337812
4439,17 Aug 210.00 (AAPL1718T210-I),63.2,68.2,0,43,210.0,0.599064337812
4449,17 Aug 215.00 (AAPL1718T215-3),68.2,73.2,0,43,215.0,0.630063255958
4455,17 Aug 215.00 (AAPL1718T215-I),68.2,73.2,0,43,215.0,0.630063255958
4465,17 Aug 220.00 (AAPL1718T220-3),73.2,78.2,0,43,220.0,0.660145021058
4471,17 Aug 220.00 (AAPL1718T220-I),73.2,78.2,0,43,220.0,0.660145021058
4481,17 Aug 225.00 (AAPL1718T225-3),78.15,83.15,0,43,225.0,0.677397311293
4487,17 Aug 225.00 (AAPL1718T225-I),78.15,83.15,0,43,225.0,0.677397311293
4497,17 Aug 230.00 (AAPL1718T230-3),83.15,88.15,0,43,230.0,0.705605760441
4503,17 Aug 230.00 (AAPL1718T230-I),83.15,88.15,0,43,230.0,0.705605760441
4513,17 Aug 235.00 (AAPL1718T235-3),88.15,93.15,0,43,235.0,0.733080488075
4519,17 Aug 235.00 (AAPL1718T235-I),88.15,93.15,0,43,235.0,0.733080488075
4529,17 Aug 240.00 (AAPL1718T240-3),93.15,98.15,0,43,240.0,0.759864498333
4535,17 Aug 240.00 (AAPL1718T240-I),93.15,98.15,0,43,240.0,0.759864498333
4545,17 Aug 245.00 (AAPL1718T245-3),98.15,103.15,0,43,245.0,0.785996672432
4551,17 Aug 245.00 (AAPL1718T245-I),98.15,103.15,0,43,245.0,0.785996672432
4561,17 Aug 250.00 (AAPL1718T250-3),103.15,108.15,0,43,250.0,0.811512336403
4567,17 Aug 250.00 (AAPL1718T250-I),103.15,108.15,0,43,250.0,0.811512336403
4577,17 Aug 255.00 (AAPL1718T255-3),108.1,113.1,0,43,255.0,0.822528981281
4583,17 Aug 255.00 (AAPL1718T255-I),108.1,113.1,0,43,255.0,0.822528981281
4593,17 Aug 260.00 (AAPL1718T260-3),113.1,118.1,0,43,260.0,0.846764676704
4599,17 Aug 260.00 (AAPL1718T260-I),113.1,118.1,0,43,260.0,0.846764676704
4609,17 Aug 265.00 (AAPL1718T265-3),118.1,123.1,0,43,265.0,0.870483468002
4615,17 Aug 265.00 (AAPL1718T265-I),118.1,123.1,0,43,265.0,0.870483468002
4625,17 Aug 270.00 (AAPL1718T270-3),123.1,128.1,0,43,270.0,0.893709592636
4631,17 Aug 270.00 (AAPL1718T270-I),123.1,128.1,0,43,270.0,0.893709592636
4641,17 Aug 275.00 (AAPL1718T275-3),128.1,133.1,0,43,275.0,0.916465481808
4647,17 Aug 275.00 (AAPL1718T275-I),128.1,133.1,0,43,275.0,0.916465481808
4657,17 Aug 280.00 (AAPL1718T280-3),133.1,138.1,0,43,280.0,0.938771949738
4663,17 Aug 280.00 (AAPL1718T280-I),133.1,138.1,0,43,280.0,0.938771949738
4673,17 Aug 285.00 (AAPL1718T285-3),138.1,143.1,0,43,285.0,0.960648357001
4679,17 Aug 285.00 (AAPL1718T285-I),138.1,143.1,0,43,285.0,0.960648357001
4897,17 Aug 139.00 (AAPL1725T139-3),0.1,5.1,0,43,139.0,0.254701647832
4903,17 Aug 139.00 (AAPL1725T139-I),0.1,5.1,0,43,139.0,0.254701647832
4913,17 Aug 140.00 (AAPL1725T140-3),0.4,5.4,0,43,140.0,0.251775215659
4919,17 Aug 140.00 (AAPL1725T140-I),0.4,5.4,0,43,140.0,0.251775215659
4929,17 Aug 141.00 (AAPL1725T141-3),0.75,5.75,0,43,141.0,0.250059477602
4935,17 Aug 141.00 (AAPL1725T141-I),0.75,5.75,0,43,141.0,0.250059477602
4945,17 Aug 142.00 (AAPL1725T142-3),1.15,6.15,0,43,142.0,0.249389874609
4951,17 Aug 142.00 (AAPL1725T142-I),1.15,6.15,0,43,142.0,0.249389874609
4961,17 Aug 143.00 (AAPL1725T143-3),1.55,6.55,0,43,143.0,0.247092112069
4967,17 Aug 143.00 (AAPL1725T143-I),1.55,6.55,0,43,143.0,0.247092112069
4977,17 Aug 144.00 (AAPL1725T144-3),2.0,7.0,0,43,144.0,0.245741971357
4983,17 Aug 144.00 (AAPL1725T144-I),2.0,7.0,0,43,144.0,0.245741971357
4993,17 Aug 145.00 (AAPL1725T145-3),2.5,7.5,0,43,145.0,0.245284092536
4999,17 Aug 145.00 (AAPL1725T145-I),2.5,7.5,0,43,145.0,0.245284092536
5009,17 Aug 146.00 (AAPL1725T146-3),3.05,8.05,0,43,146.0,0.24571076264
5015,17 Aug 146.00 (AAPL1725T146-I),3.05,8.05,0,43,146.0,0.24571076264
5025,17 Aug 147.00 (AAPL1725T147-3),3.6,8.6,0,43,147.0,0.24450827906
5031,17 Aug 147.00 (AAPL1725T147-I),3.6,8.6,0,43,147.0,0.24450827906
5041,17 Aug 148.00 (AAPL1725T148-3),4.2,9.2,0,43,148.0,0.244238413716
5047,17 Aug 148.00 (AAPL1725T148-I),4.2,9.2,0,43,148.0,0.244238413716
5057,17 Aug 149.00 (AAPL1725T149-3),4.8,9.8,0,43,149.0,0.24233748609
5063,17 Aug 149.00 (AAPL1725T149-I),4.8,9.8,0,43,149.0,0.24233748609
5073,17 Aug 150.00 (AAPL1725T150-3),5.5,10.5,0,43,150.0,0.244165783273
5079,17 Aug 150.00 (AAPL1725T150-I),5.5,10.5,0,43,150.0,0.244165783273
5089,17 Aug 152.50 (AAPL1725T152.5-3),7.3,12.3,0,43,152.5,0.245063842489
5095,17 Aug 152.50 (AAPL1725T152.5-I),7.3,12.3,0,43,152.5,0.245063842489
5105,17 Aug 155.00 (AAPL1725T155-3),9.3,14.3,0,43,155.0,0.249200525142
5111,17 Aug 155.00 (AAPL1725T155-I),9.3,14.3,0,43,155.0,0.249200525142
5121,17 Aug 157.50 (AAPL1725T157.5-3),11.5,16.5,0,43,157.5,0.259896182874
5127,17 Aug 157.50 (AAPL1725T157.5-I),11.5,16.5,0,43,157.5,0.259896182874
5137,17 Aug 160.00 (AAPL1725T160-3),13.75,18.75,0,43,160.0,0.268980831671
5143,17 Aug 160.00 (AAPL1725T160-I),13.75,18.75,0,43,160.0,0.268980831671
5153,17 Aug 162.50 (AAPL1725T162.5-3),16.1,21.1,0,43,162.5,0.282372043598
5159,17 Aug 162.50 (AAPL1725T162.5-I),16.1,21.1,0,43,162.5,0.282372043598
5169,17 Aug 165.00 (AAPL1725T165-3),18.5,23.5,0,43,165.0,0.297664775581
5175,17 Aug 165.00 (AAPL1725T165-I),18.5,23.5,0,43,165.0,0.297664775581
5185,17 Aug 167.50 (AAPL1725T167.5-3),20.9,25.9,0,43,167.5,0.3104468967
5191,17 Aug 167.50 (AAPL1725T167.5-I),20.9,25.9,0,43,167.5,0.3104468967
5201,17 Aug 170.00 (AAPL1725T170-3),23.4,28.4,0,43,170.0,0.333627341868
5207,17 Aug 170.00 (AAPL1725T170-I),23.4,28.4,0,43,170.0,0.333627341868
5729,17 Sep 140.00 (AAPL1715U140-3),1.1,6.1,0,73,140.0,0.219311790006
5735,17 Sep 140.00 (AAPL1715U140-I),1.1,6.1,0,73,140.0,0.219311790006
5745,17 Sep 145.00 (AAPL1715U145-3),3.25,8.25,0,73,145.0,0.212990385535
5751,17 Sep 145.00 (AAPL1715U145-I),3.25,8.25,0,73,145.0,0.212990385535
5761,17 Sep 150.00 (AAPL1715U150-3),6.2,11.2,0,73,150.0,0.210416557196
5767,17 Sep 150.00 (AAPL1715U150-I),6.2,11.2,0,73,150.0,0.210416557196
5777,17 Sep 155.00 (AAPL1715U155-3),9.85,14.85,0,73,155.0,0.210396507769
5783,17 Sep 155.00 (AAPL1715U155-I),9.85,14.85,0,73,155.0,0.210396507769
5793,17 Sep 160.00 (AAPL1715U160-3),14.05,19.05,0,73,160.0,0.213838366604
5799,17 Sep 160.00 (AAPL1715U160-I),14.05,19.05,0,73,160.0,0.213838366604
5809,17 Sep 165.00 (AAPL1715U165-3),18.65,23.65,0,73,165.0,0.224628150582
5815,17 Sep 165.00 (AAPL1715U165-I),18.65,23.65,0,73,165.0,0.224628150582
5825,17 Sep 170.00 (AAPL1715U170-3),23.45,28.45,0,73,170.0,0.240838444066
5831,17 Sep 170.00 (AAPL1715U170-I),23.45,28.45,0,73,170.0,0.240838444066
5841,17 Sep 175.00 (AAPL1715U175-3),28.35,33.35,0,73,175.0,0.261350269893
5847,17 Sep 175.00 (AAPL1715U175-I),28.35,33.35,0,73,175.0,0.261350269893
5857,17 Sep 180.00 (AAPL1715U180-3),33.3,38.3,0,73,180.0,0.284875220075
5863,17 Sep 180.00 (AAPL1715U180-I),33.3,38.3,0,73,180.0,0.284875220075
5873,17 Sep 185.00 (AAPL1715U185-3),38.3,43.3,0,73,185.0,0.314233034204
5879,17 Sep 185.00 (AAPL1715U185-I),38.3,43.3,0,73,185.0,0.314233034204
5889,17 Sep 190.00 (AAPL1715U190-3),43.25,48.25,0,73,190.0,0.333756898329
5895,17 Sep 190.00 (AAPL1715U190-I),43.25,48.25,0,73,190.0,0.333756898329
5905,17 Sep 195.00 (AAPL1715U195-3),48.25,53.25,0,73,195.0,0.36079670916
5911,17 Sep 195.00 (AAPL1715U195-I),48.25,53.25,0,73,195.0,0.36079670916
5921,17 Sep 200.00 (AAPL1715U200-3),53.2,58.2,0,73,200.0,0.3768400504
5927,17 Sep 200.00 (AAPL1715U200-I),53.2,58.2,0,73,200.0,0.3768400504
5937,17 Sep 205.00 (AAPL1715U205-3),58.2,63.2,0,73,205.0,0.40204427847
5943,17 Sep 205.00 (AAPL1715U205-I),58.2,63.2,0,73,205.0,0.40204427847
5953,17 Sep 210.00 (AAPL1715U210-3),63.2,68.2,0,73,210.0,0.426559177995
5959,17 Sep 210.00 (AAPL1715U210-I),63.2,68.2,0,73,210.0,0.426559177995
5969,17 Sep 215.00 (AAPL1715U215-3),68.2,73.2,0,73,215.0,0.450430637829
5975,17 Sep 215.00 (AAPL1715U215-I),68.2,73.2,0,73,215.0,0.450430637829
5985,17 Sep 220.00 (AAPL1715U220-3),73.2,78.2,0,73,220.0,0.473698968334
5991,17 Sep 220.00 (AAPL1715U220-I),73.2,78.2,0,73,220.0,0.473698968334
6001,17 Sep 225.00 (AAPL1715U225-3),78.15,83.15,0,73,225.0,0.484353147751
6007,17 Sep 225.00 (AAPL1715U225-I),78.15,83.15,0,73,225.0,0.484353147751
6017,17 Sep 230.00 (AAPL1715U230-3),83.15,88.15,0,73,230.0,0.506431774692
6023,17 Sep 230.00 (AAPL1715U230-I),83.15,88.15,0,73,230.0,0.506431774692
6033,17 Sep 235.00 (AAPL1715U235-3),88.15,93.15,0,73,235.0,0.52801923075
6039,17 Sep 235.00 (AAPL1715U235-I),88.15,93.15,0,73,235.0,0.52801923075
6049,17 Sep 240.00 (AAPL1715U240-3),93.15,98.15,0,73,240.0,0.549139817251
6055,17 Sep 240.00 (AAPL1715U240-I),93.15,98.15,0,73,240.0,0.549139817251
6065,17 Sep 245.00 (AAPL1715U245-3),98.15,103.15,0,73,245.0,0.56981580889
6071,17 Sep 245.00 (AAPL1715U245-I),98.15,103.15,0,73,245.0,0.56981580889
6081,17 Sep 250.00 (AAPL1715U250-3),103.15,108.15,0,73,250.0,0.59006771144
6087,17 Sep 250.00 (AAPL1715U250-I),103.15,108.15,0,73,250.0,0.59006771144
6097,17 Sep 255.00 (AAPL1715U255-3),108.1,113.1,0,73,255.0,0.596348211065
6103,17 Sep 255.00 (AAPL1715U255-I),108.1,113.1,0,73,255.0,0.596348211065
6113,17 Sep 260.00 (AAPL1715U260-3),113.1,118.1,0,73,260.0,0.615819704744
6119,17 Sep 260.00 (AAPL1715U260-I),113.1,118.1,0,73,260.0,0.615819704744
6129,17 Sep 265.00 (AAPL1715U265-3),118.1,123.1,0,73,265.0,0.634926081421
6135,17 Sep 265.00 (AAPL1715U265-I),118.1,123.1,0,73,265.0,0.634926081421
6145,17 Sep 270.00 (AAPL1715U270-3),123.1,128.1,0,73,270.0,0.653681770391
6151,17 Sep 270.00 (AAPL1715U270-I),123.1,128.1,0,73,270.0,0.653681770391
6161,17 Sep 275.00 (AAPL1715U275-3),128.1,133.1,0,73,275.0,0.672100313018
6167,17 Sep 275.00 (AAPL1715U275-I),128.1,133.1,0,73,275.0,0.672100313018
6177,17 Sep 280.00 (AAPL1715U280-3),133.1,138.1,0,73,280.0,0.690194440393
6183,17 Sep 280.00 (AAPL1715U280-I),133.1,138.1,0,73,280.0,0.690194440393
6193,17 Sep 285.00 (AAPL1715U285-3),138.1,143.1,0,73,285.0,0.707976141703
6199,17 Sep 285.00 (AAPL1715U285-I),138.1,143.1,0,73,285.0,0.707976141703
6209,17 Sep 290.00 (AAPL1715U290-3),143.05,148.05,0,73,290.0,0.71084177314
6215,17 Sep 290.00 (AAPL1715U290-I),143.05,148.05,0,73,290.0,0.71084177314
6225,17 Sep 295.00 (AAPL1715U295-3),148.05,153.05,0,73,295.0,0.728110853707
6231,17 Sep 295.00 (AAPL1715U295-I),148.05,153.05,0,73,295.0,0.728110853707
6241,17 Sep 300.00 (AAPL1715U300-3),153.05,158.05,0,73,300.0,0.745100104012
6247,17 Sep 300.00 (AAPL1715U300-I),153.05,158.05,0,73,300.0,0.745100104012
6257,17 Sep 305.00 (AAPL1715U305-3),158.05,163.05,0,73,305.0,0.761818887064
6263,17 Sep 305.00 (AAPL1715U305-I),158.05,163.05,0,73,305.0,0.761818887064
6609,17 Oct 130.00 (AAPL1720V130-3),0.69,5.45,0,104,130.0,0.285911531646
6615,17 Oct 130.00 (AAPL1720V130-I),0.69,5.45,0,104,130.0,0.285911531646
6625,17 Oct 135.00 (AAPL1720V135-3),0.6,5.6,0,104,135.0,0.227069374639
6631,17 Oct 135.00 (AAPL1720V135-I),0.6,5.6,0,104,135.0,0.227069374639
6641,17 Oct 140.00 (AAPL1720V140-3),2.25,7.25,0,104,140.0,0.220484666847
6647,17 Oct 140.00 (AAPL1720V140-I),2.25,7.25,0,104,140.0,0.220484666847
6657,17 Oct 145.00 (AAPL1720V145-3),4.45,9.45,0,104,145.0,0.213796887344
6663,17 Oct 145.00 (AAPL1720V145-I),4.45,9.45,0,104,145.0,0.213796887344
6673,17 Oct 150.00 (AAPL1720V150-3),7.3,12.3,0,104,150.0,0.20907906353
6679,17 Oct 150.00 (AAPL1720V150-I),7.3,12.3,0,104,150.0,0.20907906353
6689,17 Oct 155.00 (AAPL1720V155-3),10.75,15.75,0,104,155.0,0.205625045323
6695,17 Oct 155.00 (AAPL1720V155-I),10.75,15.75,0,104,155.0,0.205625045323
6705,17 Oct 160.00 (AAPL1720V160-3),14.75,19.75,0,104,160.0,0.205406370482
6711,17 Oct 160.00 (AAPL1720V160-I),14.75,19.75,0,104,160.0,0.205406370482
6721,17 Oct 165.00 (AAPL1720V165-3),19.1,24.1,0,104,165.0,0.205409949225
6727,17 Oct 165.00 (AAPL1720V165-I),19.1,24.1,0,104,165.0,0.205409949225
6737,17 Oct 170.00 (AAPL1720V170-3),23.75,28.75,0,104,170.0,0.210508803557
6743,17 Oct 170.00 (AAPL1720V170-I),23.75,28.75,0,104,170.0,0.210508803557
6753,17 Oct 175.00 (AAPL1720V175-3),28.5,33.5,0,104,175.0,0.212316361955
6759,17 Oct 175.00 (AAPL1720V175-I),28.5,33.5,0,104,175.0,0.212316361955
6769,17 Oct 180.00 (AAPL1720V180-3),33.4,38.4,0,104,180.0,0.223639616365
6775,17 Oct 180.00 (AAPL1720V180-I),33.4,38.4,0,104,180.0,0.223639616365
6785,17 Oct 185.00 (AAPL1720V185-3),38.35,43.35,0,104,185.0,0.239201789772
6791,17 Oct 185.00 (AAPL1720V185-I),38.35,43.35,0,104,185.0,0.239201789772
6801,17 Oct 190.00 (AAPL1720V190-3),43.3,48.3,0,104,190.0,0.252205732527
6807,17 Oct 190.00 (AAPL1720V190-I),43.3,48.3,0,104,190.0,0.252205732527
6817,17 Oct 195.00 (AAPL1720V195-3),48.25,53.25,0,104,195.0,0.262297915186
6823,17 Oct 195.00 (AAPL1720V195-I),48.25,53.25,0,104,195.0,0.262297915186
6833,17 Oct 200.00 (AAPL1720V200-3),53.25,58.25,0,104,200.0,0.28475723344
6839,17 Oct 200.00 (AAPL1720V200-I),53.25,58.25,0,104,200.0,0.28475723344
6849,17 Oct 205.00 (AAPL1720V205-3),58.2,63.2,0,104,205.0,0.291116423833
6855,17 Oct 205.00 (AAPL1720V205-I),58.2,63.2,0,104,205.0,0.291116423833
6865,17 Oct 210.00 (AAPL1720V210-3),63.2,68.2,0,104,210.0,0.312942878745
6871,17 Oct 210.00 (AAPL1720V210-I),63.2,68.2,0,104,210.0,0.312942878745
6881,17 Oct 215.00 (AAPL1720V215-3),68.2,73.2,0,104,215.0,0.334218795342
6887,17 Oct 215.00 (AAPL1720V215-I),68.2,73.2,0,104,215.0,0.334218795342
6897,17 Oct 220.00 (AAPL1720V220-3),73.2,78.2,0,104,220.0,0.354980448779
6903,17 Oct 220.00 (AAPL1720V220-I),73.2,78.2,0,104,220.0,0.354980448779
6913,17 Oct 225.00 (AAPL1720V225-3),78.2,83.2,0,104,225.0,0.375258544214
6919,17 Oct 225.00 (AAPL1720V225-I),78.2,83.2,0,104,225.0,0.375258544214
6929,17 Oct 230.00 (AAPL1720V230-3),83.15,88.15,0,104,230.0,0.378366448317
6935,17 Oct 230.00 (AAPL1720V230-I),83.15,88.15,0,104,230.0,0.378366448317
6945,17 Oct 235.00 (AAPL1720V235-3),88.15,93.15,0,104,235.0,0.398298491644
6951,17 Oct 235.00 (AAPL1720V235-I),88.15,93.15,0,104,235.0,0.398298491644
6961,17 Oct 240.00 (AAPL1720V240-3),93.15,98.15,0,104,240.0,0.417750509177
6967,17 Oct 240.00 (AAPL1720V240-I),93.15,98.15,0,104,240.0,0.417750509177
6977,17 Oct 245.00 (AAPL1720V245-3),98.15,103.15,0,104,245.0,0.43675588306
6983,17 Oct 245.00 (AAPL1720V245-I),98.15,103.15,0,104,245.0,0.43675588306
6993,17 Oct 250.00 (AAPL1720V250-3),103.15,108.15,0,104,250.0,0.455342617942
6999,17 Oct 250.00 (AAPL1720V250-I),103.15,108.15,0,104,250.0,0.455342617942
7009,17 Oct 260.00 (AAPL1720V260-3),113.1,118.1,0,104,260.0,0.474664232159
7015,17 Oct 260.00 (AAPL1720V260-I),113.1,118.1,0,104,260.0,0.474664232159
7025,17 Oct 270.00 (AAPL1720V270-3),123.1,128.1,0,104,270.0,0.510209086453
7031,17 Oct 270.00 (AAPL1720V270-I),123.1,128.1,0,104,270.0,0.510209086453
7345,17 Nov 130.00 (AAPL1717W130-3),0.4,5.4,0,134,130.0,0.243402519335
7351,17 Nov 130.00 (AAPL1717W130-I),0.4,5.4,0,134,130.0,0.243402519335
7361,17 Nov 135.00 (AAPL1717W135-3),1.75,6.75,0,134,135.0,0.236638793519
7367,17 Nov 135.00 (AAPL1717W135-I),1.75,6.75,0,134,135.0,0.236638793519
7377,17 Nov 140.00 (AAPL1717W140-3),3.55,8.55,0,134,140.0,0.230690866441
7383,17 Nov 140.00 (AAPL1717W140-I),3.55,8.55,0,134,140.0,0.230690866441
7393,17 Nov 145.00 (AAPL1717W145-3),5.9,10.9,0,134,145.0,0.22693386132
7399,17 Nov 145.00 (AAPL1717W145-I),5.9,10.9,0,134,145.0,0.22693386132
7409,17 Nov 150.00 (AAPL1717W150-3),8.75,13.75,0,134,150.0,0.223436201028
7415,17 Nov 150.00 (AAPL1717W150-I),8.75,13.75,0,134,150.0,0.223436201028
7425,17 Nov 155.00 (AAPL1717W155-3),12.05,17.05,0,134,155.0,0.219329995969
7431,17 Nov 155.00 (AAPL1717W155-I),12.05,17.05,0,134,155.0,0.219329995969
7441,17 Nov 160.00 (AAPL1717W160-3),15.85,20.85,0,134,160.0,0.217985369932
7447,17 Nov 160.00 (AAPL1717W160-I),15.85,20.85,0,134,160.0,0.217985369932
7457,17 Nov 165.00 (AAPL1717W165-3),19.95,24.95,0,134,165.0,0.214962422875
7463,17 Nov 165.00 (AAPL1717W165-I),19.95,24.95,0,134,165.0,0.214962422875
7473,17 Nov 170.00 (AAPL1717W170-3),24.35,29.35,0,134,170.0,0.213137296877
7479,17 Nov 170.00 (AAPL1717W170-I),24.35,29.35,0,134,170.0,0.213137296877
7489,17 Nov 175.00 (AAPL1717W175-3),29.0,34.0,0,134,175.0,0.215401764238
7495,17 Nov 175.00 (AAPL1717W175-I),29.0,34.0,0,134,175.0,0.215401764238
7505,17 Nov 180.00 (AAPL1717W180-3),33.7,38.7,0,134,180.0,0.210503228879
7511,17 Nov 180.00 (AAPL1717W180-I),33.7,38.7,0,134,180.0,0.210503228879
7521,17 Nov 185.00 (AAPL1717W185-3),38.55,43.55,0,134,185.0,0.21149971228
7527,17 Nov 185.00 (AAPL1717W185-I),38.55,43.55,0,134,185.0,0.21149971228
7537,17 Nov 190.00 (AAPL1717W190-3),43.45,48.45,0,134,190.0,0.212287418816
7543,17 Nov 190.00 (AAPL1717W190-I),43.45,48.45,0,134,190.0,0.212287418816
7553,17 Nov 195.00 (AAPL1717W195-3),48.35,53.35,0,134,195.0,0.197310433583
7559,17 Nov 195.00 (AAPL1717W195-I),48.35,53.35,0,134,195.0,0.197310433583
7569,17 Nov 200.00 (AAPL1717W200-3),53.3,58.3,0,134,200.0,0.172453793933
7575,17 Nov 200.00 (AAPL1717W200-I),53.3,58.3,0,134,200.0,0.172453793933
7585,17 Nov 205.00 (AAPL1717W205-3),58.25,63.25,0,134,205.0,0.0
7591,17 Nov 205.00 (AAPL1717W205-I),58.25,63.25,0,134,205.0,0.0
7601,17 Nov 210.00 (AAPL1717W210-3),63.25,68.25,0,134,210.0,0.0
7607,17 Nov 210.00 (AAPL1717W210-I),63.25,68.25,0,134,210.0,0.0
7617,17 Nov 215.00 (AAPL1717W215-3),68.2,73.2,0,134,215.0,0.0
7623,17 Nov 215.00 (AAPL1717W215-I),68.2,73.2,0,134,215.0,0.0
7633,17 Nov 220.00 (AAPL1717W220-3),73.2,78.2,0,134,220.0,0.0
7639,17 Nov 220.00 (AAPL1717W220-I),73.2,78.2,0,134,220.0,0.0
7649,17 Nov 225.00 (AAPL1717W225-3),78.2,83.2,0,134,225.0,0.0
7655,17 Nov 225.00 (AAPL1717W225-I),78.2,83.2,0,134,225.0,0.0
7665,17 Nov 230.00 (AAPL1717W230-3),83.2,88.2,0,134,230.0,0.263506144435
7671,17 Nov 230.00 (AAPL1717W230-I),83.2,88.2,0,134,230.0,0.263506144435
7681,17 Nov 235.00 (AAPL1717W235-3),88.15,93.15,0,134,235.0,0.0
7687,17 Nov 235.00 (AAPL1717W235-I),88.15,93.15,0,134,235.0,0.0
7697,17 Nov 240.00 (AAPL1717W240-3),93.15,98.15,0,134,240.0,0.22649817197
7703,17 Nov 240.00 (AAPL1717W240-I),93.15,98.15,0,134,240.0,0.22649817197
7713,17 Nov 245.00 (AAPL1717W245-3),98.15,103.15,0,134,245.0,0.303062645052
7719,17 Nov 245.00 (AAPL1717W245-I),98.15,103.15,0,134,245.0,0.303062645052
7729,17 Nov 250.00 (AAPL1717W250-3),103.15,108.15,0,134,250.0,0.334143124827
7735,17 Nov 250.00 (AAPL1717W250-I),103.15,108.15,0,134,250.0,0.334143124827
7905,17 Dec 130.00 (AAPL1715X130-3),0.9,5.9,0,165,130.0,0.234651164916
7911,17 Dec 130.00 (AAPL1715X130-I),0.9,5.9,0,165,130.0,0.234651164916
7921,17 Dec 135.00 (AAPL1715X135-3),2.3,7.3,0,165,135.0,0.227408875937
7927,17 Dec 135.00 (AAPL1715X135-I),2.3,7.3,0,165,135.0,0.227408875937
7937,17 Dec 140.00 (AAPL1715X140-3),4.2,9.2,0,165,140.0,0.222936887049
7943,17 Dec 140.00 (AAPL1715X140-I),4.2,9.2,0,165,140.0,0.222936887049
7953,17 Dec 145.00 (AAPL1715X145-3),6.55,11.55,0,165,145.0,0.218489669972
7959,17 Dec 145.00 (AAPL1715X145-I),6.55,11.55,0,165,145.0,0.218489669972
7969,17 Dec 150.00 (AAPL1715X150-3),9.35,14.35,0,165,150.0,0.213804350263
7975,17 Dec 150.00 (AAPL1715X150-I),9.35,14.35,0,165,150.0,0.213804350263
7985,17 Dec 155.00 (AAPL1715X155-3),12.6,17.6,0,165,155.0,0.209205821061
7991,17 Dec 155.00 (AAPL1715X155-I),12.6,17.6,0,165,155.0,0.209205821061
8001,17 Dec 160.00 (AAPL1715X160-3),16.3,21.3,0,165,160.0,0.205867478055
8007,17 Dec 160.00 (AAPL1715X160-I),16.3,21.3,0,165,160.0,0.205867478055
8017,17 Dec 165.00 (AAPL1715X165-3),20.35,25.35,0,165,165.0,0.202673858486
8023,17 Dec 165.00 (AAPL1715X165-I),20.35,25.35,0,165,165.0,0.202673858486
8033,17 Dec 170.00 (AAPL1715X170-3),24.65,29.65,0,165,170.0,0.197855459259
8039,17 Dec 170.00 (AAPL1715X170-I),24.65,29.65,0,165,170.0,0.197855459259
8049,17 Dec 175.00 (AAPL1715X175-3),29.2,34.2,0,165,175.0,0.194251263142
8055,17 Dec 175.00 (AAPL1715X175-I),29.2,34.2,0,165,175.0,0.194251263142
8065,17 Dec 180.00 (AAPL1715X180-3),33.85,38.85,0,165,180.0,0.18372131122
8071,17 Dec 180.00 (AAPL1715X180-I),33.85,38.85,0,165,180.0,0.18372131122
8081,17 Dec 185.00 (AAPL1715X185-3),38.65,43.65,0,165,185.0,0.170429452042
8087,17 Dec 185.00 (AAPL1715X185-I),38.65,43.65,0,165,185.0,0.170429452042
8097,17 Dec 190.00 (AAPL1715X190-3),43.5,48.5,0,165,190.0,0.0
8103,17 Dec 190.00 (AAPL1715X190-I),43.5,48.5,0,165,190.0,0.0
8113,17 Dec 195.00 (AAPL1715X195-3),48.4,53.4,0,165,195.0,0.0
8119,17 Dec 195.00 (AAPL1715X195-I),48.4,53.4,0,165,195.0,0.0
8129,17 Dec 200.00 (AAPL1715X200-3),53.35,58.35,0,165,200.0,0.0
8135,17 Dec 200.00 (AAPL1715X200-I),53.35,58.35,0,165,200.0,0.0
8145,17 Dec 205.00 (AAPL1715X205-3),58.3,63.3,0,165,205.0,0.0
8151,17 Dec 205.00 (AAPL1715X205-I),58.3,63.3,0,165,205.0,0.0
8161,17 Dec 210.00 (AAPL1715X210-3),63.25,68.25,0,165,210.0,0.0
8167,17 Dec 210.00 (AAPL1715X210-I),63.25,68.25,0,165,210.0,0.0
8177,17 Dec 215.00 (AAPL1715X215-3),68.25,73.25,0,165,215.0,0.0
8183,17 Dec 215.00 (AAPL1715X215-I),68.25,73.25,0,165,215.0,0.0
8193,17 Dec 220.00 (AAPL1715X220-3),73.2,78.2,0,165,220.0,0.0
8199,17 Dec 220.00 (AAPL1715X220-I),73.2,78.2,0,165,220.0,0.0
8209,17 Dec 225.00 (AAPL1715X225-3),78.2,83.2,0,165,225.0,0.0
8215,17 Dec 225.00 (AAPL1715X225-I),78.2,83.2,0,165,225.0,0.0
8225,17 Dec 230.00 (AAPL1715X230-3),83.2,88.2,0,165,230.0,0.0
8231,17 Dec 230.00 (AAPL1715X230-I),83.2,88.2,0,165,230.0,0.0
8241,17 Dec 235.00 (AAPL1715X235-3),88.15,93.15,0,165,235.0,0.0
8247,17 Dec 235.00 (AAPL1715X235-I),88.15,93.15,0,165,235.0,0.0
8257,17 Dec 240.00 (AAPL1715X240-3),93.15,98.15,0,165,240.0,0.0
8263,17 Dec 240.00 (AAPL1715X240-I),93.15,98.15,0,165,240.0,0.0
8273,17 Dec 245.00 (AAPL1715X245-3),98.15,103.15,0,165,245.0,0.0
8279,17 Dec 245.00 (AAPL1715X245-I),98.15,103.15,0,165,245.0,0.0
8289,17 Dec 250.00 (AAPL1715X250-3),103.15,108.15,0,165,250.0,0.0
8295,17 Dec 250.00 (AAPL1715X250-I),103.15,108.15,0,165,250.0,0.0
8865,18 Jan 125.00 (AAPL1819M125-3),0.3,5.3,0,196,125.0,0.237041513612
8871,18 Jan 125.00 (AAPL1819M125-I),0.3,5.3,0,196,125.0,0.237041513612
8881,18 Jan 130.00 (AAPL1819M130-3),1.45,6.15,0,196,130.0,0.225805568366
8887,18 Jan 130.00 (AAPL1819M130-I),1.45,6.15,0,196,130.0,0.225805568366
8897,18 Jan 135.00 (AAPL1819M135-3),2.95,7.95,0,196,135.0,0.224074758905
8903,18 Jan 135.00 (AAPL1819M135-I),2.95,7.95,0,196,135.0,0.224074758905
8913,18 Jan 140.00 (AAPL1819M140-3),4.9,9.9,0,196,140.0,0.219531729634
8919,18 Jan 140.00 (AAPL1819M140-I),4.9,9.9,0,196,140.0,0.219531729634
8929,18 Jan 145.00 (AAPL1819M145-3),7.25,12.25,0,196,145.0,0.214540311729
8935,18 Jan 145.00 (AAPL1819M145-I),7.25,12.25,0,196,145.0,0.214540311729
8945,18 Jan 150.00 (AAPL1819M150-3),10.05,15.05,0,196,150.0,0.210090157904
8951,18 Jan 150.00 (AAPL1819M150-I),10.05,15.05,0,196,150.0,0.210090157904
8961,18 Jan 155.00 (AAPL1819M155-3),13.25,18.25,0,196,155.0,0.205183289446
8967,18 Jan 155.00 (AAPL1819M155-I),13.25,18.25,0,196,155.0,0.205183289446
8977,18 Jan 160.00 (AAPL1819M160-3),16.85,21.85,0,196,160.0,0.200488485855
8983,18 Jan 160.00 (AAPL1819M160-I),16.85,21.85,0,196,160.0,0.200488485855
8993,18 Jan 165.00 (AAPL1819M165-3),20.8,25.8,0,196,165.0,0.195842812273
8999,18 Jan 165.00 (AAPL1819M165-I),20.8,25.8,0,196,165.0,0.195842812273
9009,18 Jan 170.00 (AAPL1819M170-3),25.0,30.0,0,196,170.0,0.189139981915
9015,18 Jan 170.00 (AAPL1819M170-I),25.0,30.0,0,196,170.0,0.189139981915
9025,18 Jan 175.00 (AAPL1819M175-3),29.45,34.45,0,196,175.0,0.181745963951
9031,18 Jan 175.00 (AAPL1819M175-I),29.45,34.45,0,196,175.0,0.181745963951
9041,18 Jan 180.00 (AAPL1819M180-3),34.05,39.05,0,196,180.0,0.168289008413
9047,18 Jan 180.00 (AAPL1819M180-I),34.05,39.05,0,196,180.0,0.168289008413
9057,18 Jan 185.00 (AAPL1819M185-3),38.8,43.8,0,196,185.0,0.138459559414
9063,18 Jan 185.00 (AAPL1819M185-I),38.8,43.8,0,196,185.0,0.138459559414
9073,18 Jan 190.00 (AAPL1819M190-3),43.6,48.6,0,196,190.0,0.0
9079,18 Jan 190.00 (AAPL1819M190-I),43.6,48.6,0,196,190.0,0.0
9089,18 Jan 195.00 (AAPL1819M195-3),48.45,53.45,0,196,195.0,0.0
9095,18 Jan 195.00 (AAPL1819M195-I),48.45,53.45,0,196,195.0,0.0
9105,18 Jan 200.00 (AAPL1819M200-3),53.4,58.4,0,196,200.0,0.0
9111,18 Jan 200.00 (AAPL1819M200-I),53.4,58.4,0,196,200.0,0.0
9121,18 Jan 205.00 (AAPL1819M205-3),58.3,63.3,0,196,205.0,0.0
9127,18 Jan 205.00 (AAPL1819M205-I),58.3,63.3,0,196,205.0,0.0
9137,18 Jan 210.00 (AAPL1819M210-3),63.25,68.25,0,196,210.0,0.0
9143,18 Jan 210.00 (AAPL1819M210-I),63.25,68.25,0,196,210.0,0.0
9153,18 Jan 215.00 (AAPL1819M215-3),68.25,73.25,0,196,215.0,0.0
9159,18 Jan 215.00 (AAPL1819M215-I),68.25,73.25,0,196,215.0,0.0
9169,18 Jan 220.00 (AAPL1819M220-3),73.2,78.2,0,196,220.0,0.0
9175,18 Jan 220.00 (AAPL1819M220-I),73.2,78.2,0,196,220.0,0.0
9185,18 Jan 225.00 (AAPL1819M225-3),78.2,83.2,0,196,225.0,0.0
9191,18 Jan 225.00 (AAPL1819M225-I),78.2,83.2,0,196,225.0,0.0
9201,18 Jan 230.00 (AAPL1819M230-3),83.2,88.2,0,196,230.0,0.0
9207,18 Jan 230.00 (AAPL1819M230-I),83.2,88.2,0,196,230.0,0.0
9217,18 Jan 235.00 (AAPL1819M235-3),88.15,93.15,0,196,235.0,0.0
9223,18 Jan 235.00 (AAPL1819M235-I),88.15,93.15,0,196,235.0,0.0
9233,18 Jan 240.00 (AAPL1819M240-3),93.15,98.15,0,196,240.0,0.0
9239,18 Jan 240.00 (AAPL1819M240-I),93.15,98.15,0,196,240.0,0.0
9249,18 Jan 245.00 (AAPL1819M245-3),98.15,103.15,0,196,245.0,0.0
9255,18 Jan 245.00 (AAPL1819M245-I),98.15,103.15,0,196,245.0,0.0
9265,18 Jan 250.00 (AAPL1819M250-3),103.15,108.15,0,196,250.0,0.0
9271,18 Jan 250.00 (AAPL1819M250-I),103.15,108.15,0,196,250.0,0.0
9281,18 Jan 255.00 (AAPL1819M255-3),108.15,113.15,0,196,255.0,0.0
9287,18 Jan 255.00 (AAPL1819M255-I),108.15,113.15,0,196,255.0,0.0
9297,18 Jan 260.00 (AAPL1819M260-3),113.1,118.1,0,196,260.0,0.0
9303,18 Jan 260.00 (AAPL1819M260-I),113.1,118.1,0,196,260.0,0.0
9313,18 Jan 265.00 (AAPL1819M265-3),118.1,123.1,0,196,265.0,0.0
9319,18 Jan 265.00 (AAPL1819M265-I),118.1,123.1,0,196,265.0,0.0
9329,18 Jan 270.00 (AAPL1819M270-3),123.1,128.1,0,196,270.0,0.0
9335,18 Jan 270.00 (AAPL1819M270-I),123.1,128.1,0,196,270.0,0.0
9345,18 Jan 275.00 (AAPL1819M275-3),128.1,133.1,0,196,275.0,0.0
9351,18 Jan 275.00 (AAPL1819M275-I),128.1,133.1,0,196,275.0,0.0
9361,18 Jan 280.00 (AAPL1819M280-3),133.1,138.1,0,196,280.0,0.0
9367,18 Jan 280.00 (AAPL1819M280-I),133.1,138.1,0,196,280.0,0.0
9377,18 Jan 285.00 (AAPL1819M285-3),138.1,143.1,0,196,285.0,0.0
9383,18 Jan 285.00 (AAPL1819M285-I),138.1,143.1,0,196,285.0,0.0
9393,18 Jan 290.00 (AAPL1819M290-3),143.05,148.05,0,196,290.0,0.0
9399,18 Jan 290.00 (AAPL1819M290-I),143.05,148.05,0,196,290.0,0.0
9409,18 Jan 295.00 (AAPL1819M295-3),148.05,153.05,0,196,295.0,0.0
9415,18 Jan 295.00 (AAPL1819M295-I),148.05,153.05,0,196,295.0,0.0
9425,18 Jan 300.00 (AAPL1819M300-3),153.05,158.05,0,196,300.0,0.0
9431,18 Jan 300.00 (AAPL1819M300-I),153.05,158.05,0,196,300.0,0.0
9441,18 Jan 305.00 (AAPL1819M305-3),158.05,163.05,0,196,305.0,0.0
9447,18 Jan 305.00 (AAPL1819M305-I),158.05,163.05,0,196,305.0,0.0
9569,18 Feb 115.00 (AAPL1816N115-3),0.3,5.3,0,222,115.0,0.301177035045
9575,18 Feb 115.00 (AAPL1816N115-I),0.3,5.3,0,222,115.0,0.301177035045
9585,18 Feb 120.00 (AAPL1816N120-3),0.05,5.05,0,222,120.0,0.251985358642
9591,18 Feb 120.00 (AAPL1816N120-I),0.05,5.05,0,222,120.0,0.251985358642
9601,18 Feb 125.00 (AAPL1816N125-3),1.0,6.0,0,222,125.0,0.244074470028
9607,18 Feb 125.00 (AAPL1816N125-I),1.0,6.0,0,222,125.0,0.244074470028
9617,18 Feb 130.00 (AAPL1816N130-3),2.3,7.3,0,222,130.0,0.238587925513
9623,18 Feb 130.00 (AAPL1816N130-I),2.3,7.3,0,222,130.0,0.238587925513
9633,18 Feb 135.00 (AAPL1816N135-3),3.95,8.95,0,222,135.0,0.233767593553
9639,18 Feb 135.00 (AAPL1816N135-I),3.95,8.95,0,222,135.0,0.233767593553
9649,18 Feb 140.00 (AAPL1816N140-3),5.95,10.95,0,222,140.0,0.228763844345
9655,18 Feb 140.00 (AAPL1816N140-I),5.95,10.95,0,222,140.0,0.228763844345
9665,18 Feb 145.00 (AAPL1816N145-3),8.35,13.35,0,222,145.0,0.224290439749
9671,18 Feb 145.00 (AAPL1816N145-I),8.35,13.35,0,222,145.0,0.224290439749
9681,18 Feb 150.00 (AAPL1816N150-3),11.15,16.15,0,222,150.0,0.22019596154
9687,18 Feb 150.00 (AAPL1816N150-I),11.15,16.15,0,222,150.0,0.22019596154
9697,18 Feb 155.00 (AAPL1816N155-3),14.3,19.3,0,222,155.0,0.215533816475
9703,18 Feb 155.00 (AAPL1816N155-I),14.3,19.3,0,222,155.0,0.215533816475
9713,18 Feb 160.00 (AAPL1816N160-3),17.85,22.85,0,222,160.0,0.212075272316
9719,18 Feb 160.00 (AAPL1816N160-I),17.85,22.85,0,222,160.0,0.212075272316
9729,18 Feb 165.00 (AAPL1816N165-3),21.65,26.65,0,222,165.0,0.206710049985
9735,18 Feb 165.00 (AAPL1816N165-I),21.65,26.65,0,222,165.0,0.206710049985
9745,18 Feb 170.00 (AAPL1816N170-3),25.75,30.75,0,222,170.0,0.201688815991
9751,18 Feb 170.00 (AAPL1816N170-I),25.75,30.75,0,222,170.0,0.201688815991
9761,18 Feb 175.00 (AAPL1816N175-3),30.05,35.05,0,222,175.0,0.194623335228
9767,18 Feb 175.00 (AAPL1816N175-I),30.05,35.05,0,222,175.0,0.194623335228
9777,18 Feb 180.00 (AAPL1816N180-3),34.55,39.55,0,222,180.0,0.186307862501
9783,18 Feb 180.00 (AAPL1816N180-I),34.55,39.55,0,222,180.0,0.186307862501
9793,18 Feb 185.00 (AAPL1816N185-3),39.15,44.15,0,222,185.0,0.168419312432
9799,18 Feb 185.00 (AAPL1816N185-I),39.15,44.15,0,222,185.0,0.168419312432
9809,18 Feb 190.00 (AAPL1816N190-3),43.85,48.85,0,222,190.0,0.0
9815,18 Feb 190.00 (AAPL1816N190-I),43.85,48.85,0,222,190.0,0.0
9825,18 Feb 195.00 (AAPL1816N195-3),48.65,53.65,0,222,195.0,0.0
9831,18 Feb 195.00 (AAPL1816N195-I),48.65,53.65,0,222,195.0,0.0
9841,18 Feb 200.00 (AAPL1816N200-3),53.55,58.55,0,222,200.0,0.0
9847,18 Feb 200.00 (AAPL1816N200-I),53.55,58.55,0,222,200.0,0.0
9857,18 Feb 205.00 (AAPL1816N205-3),58.45,63.45,0,222,205.0,0.0
9863,18 Feb 205.00 (AAPL1816N205-I),58.45,63.45,0,222,205.0,0.0
9873,18 Feb 210.00 (AAPL1816N210-3),63.35,68.35,0,222,210.0,0.0
9879,18 Feb 210.00 (AAPL1816N210-I),63.35,68.35,0,222,210.0,0.0
9889,18 Feb 215.00 (AAPL1816N215-3),68.3,73.3,0,222,215.0,0.0
9895,18 Feb 215.00 (AAPL1816N215-I),68.3,73.3,0,222,215.0,0.0
9905,18 Feb 220.00 (AAPL1816N220-3),73.25,78.25,0,222,220.0,0.0
9911,18 Feb 220.00 (AAPL1816N220-I),73.25,78.25,0,222,220.0,0.0
9921,18 Feb 225.00 (AAPL1816N225-3),78.2,83.2,0,222,225.0,0.0
9927,18 Feb 225.00 (AAPL1816N225-I),78.2,83.2,0,222,225.0,0.0
9937,18 Feb 230.00 (AAPL1816N230-3),83.2,88.2,0,222,230.0,0.0
9943,18 Feb 230.00 (AAPL1816N230-I),83.2,88.2,0,222,230.0,0.0
9953,18 Feb 235.00 (AAPL1816N235-3),88.2,93.2,0,222,235.0,0.0
9959,18 Feb 235.00 (AAPL1816N235-I),88.2,93.2,0,222,235.0,0.0
9969,18 Feb 240.00 (AAPL1816N240-3),93.15,98.15,0,222,240.0,0.0
9975,18 Feb 240.00 (AAPL1816N240-I),93.15,98.15,0,222,240.0,0.0
9985,18 Feb 245.00 (AAPL1816N245-3),98.15,103.15,0,222,245.0,0.0
9991,18 Feb 245.00 (AAPL1816N245-I),98.15,103.15,0,222,245.0,0.0
10001,18 Feb 250.00 (AAPL1816N250-3),103.15,108.15,0,222,250.0,0.0
10007,18 Feb 250.00 (AAPL1816N250-I),103.15,108.15,0,222,250.0,0.0
10129,18 Apr 120.00 (AAPL1820P120-3),0.8,5.8,0,285,120.0,0.243616957354
10135,18 Apr 120.00 (AAPL1820P120-I),0.8,5.8,0,285,120.0,0.243616957354
10145,18 Apr 125.00 (AAPL1820P125-3),1.9,6.9,0,285,125.0,0.236982512261
10151,18 Apr 125.00 (AAPL1820P125-I),1.9,6.9,0,285,125.0,0.236982512261
10161,18 Apr 130.00 (AAPL1820P130-3),3.35,8.35,0,285,130.0,0.232466263491
10167,18 Apr 130.00 (AAPL1820P130-I),3.35,8.35,0,285,130.0,0.232466263491
10177,18 Apr 135.00 (AAPL1820P135-3),5.05,10.05,0,285,135.0,0.226707826374
10183,18 Apr 135.00 (AAPL1820P135-I),5.05,10.05,0,285,135.0,0.226707826374
10193,18 Apr 140.00 (AAPL1820P140-3),7.15,12.15,0,285,140.0,0.222537452469
10199,18 Apr 140.00 (AAPL1820P140-I),7.15,12.15,0,285,140.0,0.222537452469
10209,18 Apr 145.00 (AAPL1820P145-3),9.55,14.55,0,285,145.0,0.217488545291
10215,18 Apr 145.00 (AAPL1820P145-I),9.55,14.55,0,285,145.0,0.217488545291
10225,18 Apr 150.00 (AAPL1820P150-3),12.35,17.35,0,285,150.0,0.213508381886
10231,18 Apr 150.00 (AAPL1820P150-I),12.35,17.35,0,285,150.0,0.213508381886
10241,18 Apr 155.00 (AAPL1820P155-3),15.45,20.45,0,285,155.0,0.208691394879
10247,18 Apr 155.00 (AAPL1820P155-I),15.45,20.45,0,285,155.0,0.208691394879
10257,18 Apr 160.00 (AAPL1820P160-3),18.85,23.85,0,285,160.0,0.203227239464
10263,18 Apr 160.00 (AAPL1820P160-I),18.85,23.85,0,285,160.0,0.203227239464
10273,18 Apr 165.00 (AAPL1820P165-3),22.55,27.55,0,285,165.0,0.197459196006
10279,18 Apr 165.00 (AAPL1820P165-I),22.55,27.55,0,285,165.0,0.197459196006
10289,18 Apr 170.00 (AAPL1820P170-3),26.55,31.55,0,285,170.0,0.192121209051
10295,18 Apr 170.00 (AAPL1820P170-I),26.55,31.55,0,285,170.0,0.192121209051
10305,18 Apr 175.00 (AAPL1820P175-3),30.7,35.7,0,285,175.0,0.183031500745
10311,18 Apr 175.00 (AAPL1820P175-I),30.7,35.7,0,285,175.0,0.183031500745
10321,18 Apr 180.00 (AAPL1820P180-3),35.1,40.1,0,285,180.0,0.173699723511
10327,18 Apr 180.00 (AAPL1820P180-I),35.1,40.1,0,285,180.0,0.173699723511
10337,18 Apr 185.00 (AAPL1820P185-3),39.6,44.6,0,285,185.0,0.153944185517
10343,18 Apr 185.00 (AAPL1820P185-I),39.6,44.6,0,285,185.0,0.153944185517
10353,18 Apr 190.00 (AAPL1820P190-3),44.2,49.2,0,285,190.0,0.0
10359,18 Apr 190.00 (AAPL1820P190-I),44.2,49.2,0,285,190.0,0.0
10369,18 Apr 195.00 (AAPL1820P195-3),48.95,53.95,0,285,195.0,0.0
10375,18 Apr 195.00 (AAPL1820P195-I),48.95,53.95,0,285,195.0,0.0
10385,18 Apr 200.00 (AAPL1820P200-3),53.75,58.75,0,285,200.0,0.0
10391,18 Apr 200.00 (AAPL1820P200-I),53.75,58.75,0,285,200.0,0.0
10401,18 Apr 205.00 (AAPL1820P205-3),58.55,63.55,0,285,205.0,0.0
10407,18 Apr 205.00 (AAPL1820P205-I),58.55,63.55,0,285,205.0,0.0
10417,18 Apr 210.00 (AAPL1820P210-3),63.45,68.45,0,285,210.0,0.0
10423,18 Apr 210.00 (AAPL1820P210-I),63.45,68.45,0,285,210.0,0.0
10673,18 Jun 145.00 (AAPL1815R145-3),0.95,25.95,0,346,145.0,0.219039539198
10679,18 Jun 145.00 (AAPL1815R145-I),0.95,25.95,0,346,145.0,0.219039539198
10689,18 Jun 150.00 (AAPL1815R150-3),3.75,28.75,0,346,150.0,0.21517221664
10695,18 Jun 150.00 (AAPL1815R150-I),3.75,28.75,0,346,150.0,0.21517221664
10705,18 Jun 155.00 (AAPL1815R155-3),6.8,31.8,0,346,155.0,0.210259332443
10711,18 Jun 155.00 (AAPL1815R155-I),6.8,31.8,0,346,155.0,0.210259332443
10721,18 Jun 160.00 (AAPL1815R160-3),10.15,35.15,0,346,160.0,0.205389197646
10727,18 Jun 160.00 (AAPL1815R160-I),10.15,35.15,0,346,160.0,0.205389197646
10737,18 Jun 165.00 (AAPL1815R165-3),13.75,38.75,0,346,165.0,0.199803273878
10743,18 Jun 165.00 (AAPL1815R165-I),13.75,38.75,0,346,165.0,0.199803273878
10753,18 Jun 170.00 (AAPL1815R170-3),17.6,42.6,0,346,170.0,0.193765260145
10759,18 Jun 170.00 (AAPL1815R170-I),17.6,42.6,0,346,170.0,0.193765260145
10769,18 Jun 175.00 (AAPL1815R175-3),21.65,46.65,0,346,175.0,0.186246804028
10775,18 Jun 175.00 (AAPL1815R175-I),21.65,46.65,0,346,175.0,0.186246804028
10785,18 Jun 180.00 (AAPL1815R180-3),25.85,50.85,0,346,180.0,0.175162791597
10791,18 Jun 180.00 (AAPL1815R180-I),25.85,50.85,0,346,180.0,0.175162791597
10801,18 Jun 185.00 (AAPL1815R185-3),30.25,55.25,0,346,185.0,0.160789785952
10807,18 Jun 185.00 (AAPL1815R185-I),30.25,55.25,0,346,185.0,0.160789785952
10817,18 Jun 190.00 (AAPL1815R190-3),34.75,59.75,0,346,190.0,0.117838280975
10823,18 Jun 190.00 (AAPL1815R190-I),34.75,59.75,0,346,190.0,0.117838280975
10833,18 Jun 195.00 (AAPL1815R195-3),39.4,64.4,0,346,195.0,0.0
10839,18 Jun 195.00 (AAPL1815R195-I),39.4,64.4,0,346,195.0,0.0
10849,18 Jun 200.00 (AAPL1815R200-3),44.1,69.1,0,346,200.0,0.0
10855,18 Jun 200.00 (AAPL1815R200-I),44.1,69.1,0,346,200.0,0.0
10865,18 Jun 205.00 (AAPL1815R205-3),48.85,73.85,0,346,205.0,0.0
10871,18 Jun 205.00 (AAPL1815R205-I),48.85,73.85,0,346,205.0,0.0
10881,18 Jun 210.00 (AAPL1815R210-3),53.65,78.65,0,346,210.0,0.0
10887,18 Jun 210.00 (AAPL1815R210-I),53.65,78.65,0,346,210.0,0.0
10897,18 Jun 215.00 (AAPL1815R215-3),58.5,83.5,0,346,215.0,0.0
10903,18 Jun 215.00 (AAPL1815R215-I),58.5,83.5,0,346,215.0,0.0
10913,18 Jun 220.00 (AAPL1815R220-3),63.4,88.4,0,346,220.0,0.0
10919,18 Jun 220.00 (AAPL1815R220-I),63.4,88.4,0,346,220.0,0.0
10929,18 Jun 225.00 (AAPL1815R225-3),68.35,93.35,0,346,225.0,0.0
10935,18 Jun 225.00 (AAPL1815R225-I),68.35,93.35,0,346,225.0,0.0
10945,18 Jun 230.00 (AAPL1815R230-3),73.3,98.3,0,346,230.0,0.0
10951,18 Jun 230.00 (AAPL1815R230-I),73.3,98.3,0,346,230.0,0.0
10961,18 Jun 235.00 (AAPL1815R235-3),78.25,103.25,0,346,235.0,0.0
10967,18 Jun 235.00 (AAPL1815R235-I),78.25,103.25,0,346,235.0,0.0
10977,18 Jun 240.00 (AAPL1815R240-3),83.2,108.2,0,346,240.0,0.0
10983,18 Jun 240.00 (AAPL1815R240-I),83.2,108.2,0,346,240.0,0.0
10993,18 Jun 245.00 (AAPL1815R245-3),88.2,113.2,0,346,245.0,0.0
10999,18 Jun 245.00 (AAPL1815R245-I),88.2,113.2,0,346,245.0,0.0
11009,18 Jun 250.00 (AAPL1815R250-3),93.15,118.15,0,346,250.0,0.0
11015,18 Jun 250.00 (AAPL1815R250-I),93.15,118.15,0,346,250.0,0.0
11233,18 Sep 140.00 (AAPL1821U140-3),0.4,25.4,0,438,140.0,0.225655353959
11239,18 Sep 140.00 (AAPL1821U140-I),0.4,25.4,0,438,140.0,0.225655353959
11249,18 Sep 145.00 (AAPL1821U145-3),2.85,27.85,0,438,145.0,0.220560728803
11255,18 Sep 145.00 (AAPL1821U145-I),2.85,27.85,0,438,145.0,0.220560728803
11265,18 Sep 150.00 (AAPL1821U150-3),5.6,30.6,0,438,150.0,0.215924365053
11271,18 Sep 150.00 (AAPL1821U150-I),5.6,30.6,0,438,150.0,0.215924365053
11281,18 Sep 155.00 (AAPL1821U155-3),8.65,33.65,0,438,155.0,0.211797551974
11287,18 Sep 155.00 (AAPL1821U155-I),8.65,33.65,0,438,155.0,0.211797551974
11297,18 Sep 160.00 (AAPL1821U160-3),11.9,36.9,0,438,160.0,0.206597613326
11303,18 Sep 160.00 (AAPL1821U160-I),11.9,36.9,0,438,160.0,0.206597613326
11313,18 Sep 165.00 (AAPL1821U165-3),15.4,40.4,0,438,165.0,0.201285238767
11319,18 Sep 165.00 (AAPL1821U165-I),15.4,40.4,0,438,165.0,0.201285238767
11329,18 Sep 170.00 (AAPL1821U170-3),19.1,44.1,0,438,170.0,0.195041871693
11335,18 Sep 170.00 (AAPL1821U170-I),19.1,44.1,0,438,170.0,0.195041871693
11345,18 Sep 175.00 (AAPL1821U175-3),23.0,48.0,0,438,175.0,0.187884225877
11351,18 Sep 175.00 (AAPL1821U175-I),23.0,48.0,0,438,175.0,0.187884225877
11361,18 Sep 180.00 (AAPL1821U180-3),27.05,52.05,0,438,180.0,0.178320778296
11367,18 Sep 180.00 (AAPL1821U180-I),27.05,52.05,0,438,180.0,0.178320778296
11377,18 Sep 185.00 (AAPL1821U185-3),31.3,56.3,0,438,185.0,0.167119977165
11383,18 Sep 185.00 (AAPL1821U185-I),31.3,56.3,0,438,185.0,0.167119977165
11393,18 Sep 190.00 (AAPL1821U190-3),35.65,60.65,0,438,190.0,0.146862246357
11399,18 Sep 190.00 (AAPL1821U190-I),35.65,60.65,0,438,190.0,0.146862246357
11409,18 Sep 195.00 (AAPL1821U195-3),40.1,65.1,0,438,195.0,0.0
11415,18 Sep 195.00 (AAPL1821U195-I),40.1,65.1,0,438,195.0,0.0
11425,18 Sep 200.00 (AAPL1821U200-3),44.7,69.7,0,438,200.0,0.0
11431,18 Sep 200.00 (AAPL1821U200-I),44.7,69.7,0,438,200.0,0.0
11441,18 Sep 205.00 (AAPL1821U205-3),49.35,74.35,0,438,205.0,0.0
11447,18 Sep 205.00 (AAPL1821U205-I),49.35,74.35,0,438,205.0,0.0
11457,18 Sep 210.00 (AAPL1821U210-3),54.05,79.05,0,438,210.0,0.0
11463,18 Sep 210.00 (AAPL1821U210-I),54.05,79.05,0,438,210.0,0.0
11473,18 Sep 215.00 (AAPL1821U215-3),58.8,83.8,0,438,215.0,0.0
11479,18 Sep 215.00 (AAPL1821U215-I),58.8,83.8,0,438,215.0,0.0
11489,18 Sep 220.00 (AAPL1821U220-3),63.65,88.65,0,438,220.0,0.0
11495,18 Sep 220.00 (AAPL1821U220-I),63.65,88.65,0,438,220.0,0.0
11505,18 Sep 225.00 (AAPL1821U225-3),68.5,93.5,0,438,225.0,0.0
11511,18 Sep 225.00 (AAPL1821U225-I),68.5,93.5,0,438,225.0,0.0
11521,18 Sep 230.00 (AAPL1821U230-3),73.4,98.4,0,438,230.0,0.0
11527,18 Sep 230.00 (AAPL1821U230-I),73.4,98.4,0,438,230.0,0.0
11537,18 Sep 235.00 (AAPL1821U235-3),78.35,103.35,0,438,235.0,0.0
11543,18 Sep 235.00 (AAPL1821U235-I),78.35,103.35,0,438,235.0,0.0
11553,18 Sep 240.00 (AAPL1821U240-3),83.25,108.25,0,438,240.0,0.0
11559,18 Sep 240.00 (AAPL1821U240-I),83.25,108.25,0,438,240.0,0.0
11569,18 Sep 245.00 (AAPL1821U245-3),88.2,113.2,0,438,245.0,0.0
11575,18 Sep 245.00 (AAPL1821U245-I),88.2,113.2,0,438,245.0,0.0
11585,18 Sep 250.00 (AAPL1821U250-3),93.2,118.2,0,438,250.0,0.0
11591,18 Sep 250.00 (AAPL1821U250-I),93.2,118.2,0,438,250.0,0.0
11793,19 Jan 100.00 (AAPL1918M100-3),0.7,25.5,0,561,100.0,0.504299118758
11799,19 Jan 100.00 (AAPL1918M100-I),0.7,25.5,0,561,100.0,0.504299118758
11825,19 Jan 110.00 (AAPL1918M110-3),0.7,25.5,0,561,110.0,0.422896074261
11831,19 Jan 110.00 (AAPL1918M110-I),0.7,25.5,0,561,110.0,0.422896074261
11841,19 Jan 115.00 (AAPL1918M115-3),3.5,28.3,0,561,115.0,0.434740552058
11847,19 Jan 115.00 (AAPL1918M115-I),3.5,28.3,0,561,115.0,0.434740552058
11911,19 Jan 135.00 (AAPL1918M135-I),0.08,25.0,0,561,135.0,0.226719070712
11937,19 Jan 145.00 (AAPL1918M145-3),4.8,29.8,0,561,145.0,0.217318851897
11943,19 Jan 145.00 (AAPL1918M145-I),4.8,29.8,0,561,145.0,0.217318851897
11953,19 Jan 150.00 (AAPL1918M150-3),7.55,32.55,0,561,150.0,0.212741163318
11959,19 Jan 150.00 (AAPL1918M150-I),7.55,32.55,0,561,150.0,0.212741163318
11969,19 Jan 155.00 (AAPL1918M155-3),10.5,35.5,0,561,155.0,0.207558722135
11975,19 Jan 155.00 (AAPL1918M155-I),10.5,35.5,0,561,155.0,0.207558722135
11985,19 Jan 160.00 (AAPL1918M160-3),13.7,38.7,0,561,160.0,0.202550433009
11991,19 Jan 160.00 (AAPL1918M160-I),13.7,38.7,0,561,160.0,0.202550433009
12001,19 Jan 165.00 (AAPL1918M165-3),17.1,42.1,0,561,165.0,0.197008989816
12007,19 Jan 165.00 (AAPL1918M165-I),17.1,42.1,0,561,165.0,0.197008989816
12017,19 Jan 170.00 (AAPL1918M170-3),20.7,45.7,0,561,170.0,0.190963285772
12023,19 Jan 170.00 (AAPL1918M170-I),20.7,45.7,0,561,170.0,0.190963285772
12033,19 Jan 175.00 (AAPL1918M175-3),24.5,49.5,0,561,175.0,0.184464103859
12039,19 Jan 175.00 (AAPL1918M175-I),24.5,49.5,0,561,175.0,0.184464103859
12049,19 Jan 180.00 (AAPL1918M180-3),28.45,53.45,0,561,180.0,0.176410671221
12055,19 Jan 180.00 (AAPL1918M180-I),28.45,53.45,0,561,180.0,0.176410671221
12065,19 Jan 185.00 (AAPL1918M185-3),32.55,57.55,0,561,185.0,0.166231182346
12071,19 Jan 185.00 (AAPL1918M185-I),32.55,57.55,0,561,185.0,0.166231182346
12081,19 Jan 190.00 (AAPL1918M190-3),36.75,61.75,0,561,190.0,0.15019293648
12087,19 Jan 190.00 (AAPL1918M190-I),36.75,61.75,0,561,190.0,0.15019293648
12097,19 Jan 195.00 (AAPL1918M195-3),41.1,66.1,0,561,195.0,0.116668334532
12103,19 Jan 195.00 (AAPL1918M195-I),41.1,66.1,0,561,195.0,0.116668334532
12113,19 Jan 200.00 (AAPL1918M200-3),45.55,70.55,0,561,200.0,0.0
12119,19 Jan 200.00 (AAPL1918M200-I),45.55,70.55,0,561,200.0,0.0
12129,19 Jan 205.00 (AAPL1918M205-3),50.05,75.05,0,561,205.0,0.0
12135,19 Jan 205.00 (AAPL1918M205-I),50.05,75.05,0,561,205.0,0.0
12145,19 Jan 210.00 (AAPL1918M210-3),54.65,79.65,0,561,210.0,0.0
12151,19 Jan 210.00 (AAPL1918M210-I),54.65,79.65,0,561,210.0,0.0
12161,19 Jan 215.00 (AAPL1918M215-3),59.35,84.35,0,561,215.0,0.0
12167,19 Jan 215.00 (AAPL1918M215-I),59.35,84.35,0,561,215.0,0.0
12177,19 Jan 220.00 (AAPL1918M220-3),64.05,89.05,0,561,220.0,0.0
12183,19 Jan 220.00 (AAPL1918M220-I),64.05,89.05,0,561,220.0,0.0
12193,19 Jan 225.00 (AAPL1918M225-3),68.85,93.85,0,561,225.0,0.0
12199,19 Jan 225.00 (AAPL1918M225-I),68.85,93.85,0,561,225.0,0.0
12209,19 Jan 230.00 (AAPL1918M230-3),73.65,98.65,0,561,230.0,0.0
12215,19 Jan 230.00 (AAPL1918M230-I),73.65,98.65,0,561,230.0,0.0
12225,19 Jan 235.00 (AAPL1918M235-3),78.5,103.5,0,561,235.0,0.0
12231,19 Jan 235.00 (AAPL1918M235-I),78.5,103.5,0,561,235.0,0.0
12241,19 Jan 240.00 (AAPL1918M240-3),83.4,108.4,0,561,240.0,0.0
12247,19 Jan 240.00 (AAPL1918M240-I),83.4,108.4,0,561,240.0,0.0
12257,19 Jan 245.00 (AAPL1918M245-3),88.3,113.3,0,561,245.0,0.0
12263,19 Jan 245.00 (AAPL1918M245-I),88.3,113.3,0,561,245.0,0.0
12273,19 Jan 250.00 (AAPL1918M250-3),93.25,118.25,0,561,250.0,0.0
12279,19 Jan 250.00 (AAPL1918M250-I),93.25,118.25,0,561,250.0,0.0
