,Calls,Bid,Ask,Vol,Expiration,Strike,Call IV
1,17 Jul 105.00 (AAPL1714G105-3),37.1,42.1,0,12,105.0,0.0
7,17 Jul 105.00 (AAPL1714G105-I),37.1,42.1,0,12,105.0,0.0
17,17 Jul 110.00 (AAPL1714G110-3),32.1,37.1,0,12,110.0,0.0
23,17 Jul 110.00 (AAPL1714G110-I),32.1,37.1,0,12,110.0,0.0
33,17 Jul 115.00 (AAPL1714G115-3),27.1,32.1,0,12,115.0,0.0
39,17 Jul 115.00 (AAPL1714G115-I),27.1,32.1,0,12,115.0,0.0
49,17 Jul 120.00 (AAPL1714G120-3),22.1,27.1,0,12,120.0,0.0
55,17 Jul 120.00 (AAPL1714G120-I),22.1,27.1,0,12,120.0,0.0
65,17 Jul 123.00 (AAPL1714G123-3),19.1,24.1,0,12,123.0,0.0
71,17 Jul 123.00 (AAPL1714G123-I),19.1,24.1,0,12,123.0,0.0
81,17 Jul 124.00 (AAPL1714G124-3),18.1,23.1,0,12,124.0,0.0
87,17 Jul 124.00 (AAPL1714G124-I),18.1,23.1,0,12,124.0,0.0
97,17 Jul 125.00 (AAPL1714G125-3),17.1,22.1,0,12,125.0,0.0
103,17 Jul 125.00 (AAPL1714G125-I),17.1,22.1,0,12,125.0,0.0
113,17 Jul 126.00 (AAPL1714G126-3),16.1,21.1,0,12,126.0,0.0
119,17 Jul 126.00 (AAPL1714G126-I),16.1,21.1,0,12,126.0,0.0
129,17 Jul 127.00 (AAPL1714G127-3),15.1,20.1,0,12,127.0,0.0
135,17 Jul 127.00 (AAPL1714G127-I),15.1,20.1,0,12,127.0,0.0
145,17 Jul 128.00 (AAPL1714G128-3),14.1,19.1,0,12,128.0,0.0
151,17 Jul 128.00 (AAPL1714G128-I),14.1,19.1,0,12,128.0,0.0
161,17 Jul 129.00 (AAPL1714G129-3),13.1,18.1,0,12,129.0,0.0
167,17 Jul 129.00 (AAPL1714G129-I),13.1,18.1,0,12,129.0,0.0
177,17 Jul 130.00 (AAPL1714G130-3),12.15,17.15,0,12,130.0,0.0
183,17 Jul 130.00 (AAPL1714G130-I),12.15,17.15,0,12,130.0,0.0
193,17 Jul 131.00 (AAPL1714G131-3),11.15,16.15,0,12,131.0,0.0
199,17 Jul 131.00 (AAPL1714G131-I),11.15,16.15,0,12,131.0,0.0
209,17 Jul 132.00 (AAPL1714G132-3),10.15,15.15,0,12,132.0,0.0
215,17 Jul 132.00 (AAPL1714G132-I),10.15,15.15,0,12,132.0,0.0
225,17 Jul 133.00 (AAPL1714G133-3),9.15,14.15,0,12,133.0,0.0
231,17 Jul 133.00 (AAPL1714G133-I),9.15,14.15,0,12,133.0,0.0
241,17 Jul 134.00 (AAPL1714G134-3),8.15,13.15,0,12,134.0,0.0
247,17 Jul 134.00 (AAPL1714G134-I),8.15,13.15,0,12,134.0,0.0
257,17 Jul 135.00 (AAPL1714G135-3),7.15,12.15,0,12,135.0,0.0
263,17 Jul 135.00 (AAPL1714G135-I),7.15,12.15,0,12,135.0,0.0
273,17 Jul 136.00 (AAPL1714G136-3),6.15,11.15,0,12,136.0,0.0
279,17 Jul 136.00 (AAPL1714G136-I),6.15,11.15,0,12,136.0,0.0
289,17 Jul 137.00 (AAPL1714G137-3),5.15,10.15,0,12,137.0,0.0
295,17 Jul 137.00 (AAPL1714G137-I),5.15,10.15,0,12,137.0,0.0
305,17 Jul 138.00 (AAPL1714G138-3),4.15,9.15,0,12,138.0,0.0
311,17 Jul 138.00 (AAPL1714G138-I),4.15,9.15,0,12,138.0,0.0
321,17 Jul 139.00 (AAPL1714G139-3),3.2,8.2,0,12,139.0,0.0
327,17 Jul 139.00 (AAPL1714G139-I),3.2,8.2,0,12,139.0,0.0
337,17 Jul 140.00 (AAPL1714G140-3),2.2,7.2,0,12,140.0,0.0
343,17 Jul 140.00 (AAPL1714G140-I),2.2,7.2,0,12,140.0,0.0
353,17 Jul 141.00 (AAPL1714G141-3),1.25,6.25,0,12,141.0,0.0
359,17 Jul 141.00 (AAPL1714G141-I),1.25,6.25,0,12,141.0,0.0
369,17 Jul 142.00 (AAPL1714G142-3),0.35,5.35,0,12,142.0,0.0
375,17 Jul 142.00 (AAPL1714G142-I),0.35,5.35,0,12,142.0,0.0
817,17 Jul 25.00 (AAPL1721G25-3),117.1,122.1,0,12,25.0,0.0
823,17 Jul 25.00 (AAPL1721G25-I),117.1,122.1,0,12,25.0,0.0
833,17 Jul 30.00 (AAPL1721G30-3),112.1,117.1,0,12,30.0,0.0
839,17 Jul 30.00 (AAPL1721G30-I),112.1,117.1,0,12,30.0,0.0
849,17 Jul 35.00 (AAPL1721G35-3),107.1,112.1,0,12,35.0,0.0
855,17 Jul 35.00 (AAPL1721G35-I),107.1,112.1,0,12,35.0,0.0
865,17 Jul 40.00 (AAPL1721G40-3),102.1,107.1,0,12,40.0,0.0
871,17 Jul 40.00 (AAPL1721G40-I),102.1,107.1,0,12,40.0,0.0
881,17 Jul 45.00 (AAPL1721G45-3),97.1,102.1,0,12,45.0,0.0
887,17 Jul 45.00 (AAPL1721G45-I),97.1,102.1,0,12,45.0,0.0
897,17 Jul 50.00 (AAPL1721G50-3),92.1,97.1,0,12,50.0,0.0
903,17 Jul 50.00 (AAPL1721G50-I),92.1,97.1,0,12,50.0,0.0
913,17 Jul 55.00 (AAPL1721G55-3),87.1,92.1,0,12,55.0,0.0
919,17 Jul 55.00 (AAPL1721G55-I),87.1,92.1,0,12,55.0,0.0
929,17 Jul 60.00 (AAPL1721G60-3),82.15,87.15,0,12,60.0,0.0
935,17 Jul 60.00 (AAPL1721G60-I),82.15,87.15,0,12,60.0,0.0
945,17 Jul 65.00 (AAPL1721G65-3),77.15,82.15,0,12,65.0,0.0
951,17 Jul 65.00 (AAPL1721G65-I),77.15,82.15,0,12,65.0,0.0
961,17 Jul 70.00 (AAPL1721G70-3),72.15,77.15,0,12,70.0,0.0
967,17 Jul 70.00 (AAPL1721G70-I),72.15,77.15,0,12,70.0,0.0
977,17 Jul 75.00 (AAPL1721G75-3),67.15,72.15,0,12,75.0,0.0
983,17 Jul 75.00 (AAPL1721G75-I),67.15,72.15,0,12,75.0,0.0
993,17 Jul 80.00 (AAPL1721G80-3),62.15,67.15,0,12,80.0,0.0
999,17 Jul 80.00 (AAPL1721G80-I),62.15,67.15,0,12,80.0,0.0
1009,17 Jul 85.00 (AAPL1721G85-3),57.15,62.15,0,12,85.0,0.0
1015,17 Jul 85.00 (AAPL1721G85-I),57.15,62.15,0,12,85.0,0.0
1025,17 Jul 90.00 (AAPL1721G90-3),52.15,57.15,0,12,90.0,0.0
1031,17 Jul 90.00 (AAPL1721G90-I),52.15,57.15,0,12,90.0,0.0
1041,17 Jul 95.00 (AAPL1721G95-3),47.15,52.15,0,12,95.0,0.0
1047,17 Jul 95.00 (AAPL1721G95-I),47.15,52.15,0,12,95.0,0.0
1057,17 Jul 100.00 (AAPL1721G100-3),42.15,47.15,0,12,100.0,0.0
1063,17 Jul 100.00 (AAPL1721G100-I),42.15,47.15,0,12,100.0,0.0
1073,17 Jul 105.00 (AAPL1721G105-3),37.15,42.15,0,12,105.0,0.0
1079,17 Jul 105.00 (AAPL1721G105-I),37.15,42.15,0,12,105.0,0.0
1089,17 Jul 110.00 (AAPL1721G110-3),32.15,37.15,0,12,110.0,0.0
1095,17 Jul 110.00 (AAPL1721G110-I),32.15,37.15,0,12,110.0,0.0
1105,17 Jul 115.00 (AAPL1721G115-3),27.15,32.15,0,12,115.0,0.0
1111,17 Jul 115.00 (AAPL1721G115-I),27.15,32.15,0,12,115.0,0.0
1121,17 Jul 120.00 (AAPL1721G120-3),22.15,27.15,0,12,120.0,0.0
1127,17 Jul 120.00 (AAPL1721G120-I),22.15,27.15,0,12,120.0,0.0
1137,17 Jul 123.00 (AAPL1721G123-3),19.2,24.2,0,12,123.0,0.0
1143,17 Jul 123.00 (AAPL1721G123-I),19.2,24.2,0,12,123.0,0.0
1153,17 Jul 124.00 (AAPL1721G124-3),18.2,23.2,0,12,124.0,0.0
1159,17 Jul 124.00 (AAPL1721G124-I),18.2,23.2,0,12,124.0,0.0
1169,17 Jul 125.00 (AAPL1721G125-3),17.2,22.2,0,12,125.0,0.0
1175,17 Jul 125.00 (AAPL1721G125-I),17.2,22.2,0,12,125.0,0.0
1185,17 Jul 126.00 (AAPL1721G126-3),16.2,21.2,0,12,126.0,0.0
1191,17 Jul 126.00 (AAPL1721G126-I),16.2,21.2,0,12,126.0,0.0
1201,17 Jul 127.00 (AAPL1721G127-3),15.2,20.2,0,12,127.0,0.0
1207,17 Jul 127.00 (AAPL1721G127-I),15.2,20.2,0,12,127.0,0.0
1217,17 Jul 128.00 (AAPL1721G128-3),14.2,19.2,0,12,128.0,0.0
1223,17 Jul 128.00 (AAPL1721G128-I),14.2,19.2,0,12,128.0,0.0
1233,17 Jul 129.00 (AAPL1721G129-3),13.2,18.2,0,12,129.0,0.0
1239,17 Jul 129.00 (AAPL1721G129-I),13.2,18.2,0,12,129.0,0.0
1249,17 Jul 130.00 (AAPL1721G130-3),12.2,17.2,0,12,130.0,0.0
1255,17 Jul 130.00 (AAPL1721G130-I),12.2,17.2,0,12,130.0,0.0
1265,17 Jul 131.00 (AAPL1721G131-3),11.2,16.2,0,12,131.0,0.0
1271,17 Jul 131.00 (AAPL1721G131-I),11.2,16.2,0,12,131.0,0.0
1281,17 Jul 132.00 (AAPL1721G132-3),10.25,15.25,0,12,132.0,0.0
1287,17 Jul 132.00 (AAPL1721G132-I),10.25,15.25,0,12,132.0,0.0
1297,17 Jul 133.00 (AAPL1721G133-3),9.25,14.25,0,12,133.0,0.0
1303,17 Jul 133.00 (AAPL1721G133-I),9.25,14.25,0,12,133.0,0.0
1313,17 Jul 134.00 (AAPL1721G134-3),8.25,13.25,0,12,134.0,0.0
1319,17 Jul 134.00 (AAPL1721G134-I),8.25,13.25,0,12,134.0,0.0
1329,17 Jul 135.00 (AAPL1721G135-3),7.3,12.3,0,12,135.0,0.0
1335,17 Jul 135.00 (AAPL1721G135-I),7.3,12.3,0,12,135.0,0.0
1345,17 Jul 136.00 (AAPL1721G136-3),6.3,11.3,0,12,136.0,0.0
1351,17 Jul 136.00 (AAPL1721G136-I),6.3,11.3,0,12,136.0,0.0
1361,17 Jul 137.00 (AAPL1721G137-3),5.35,10.35,0,12,137.0,0.0
1367,17 Jul 137.00 (AAPL1721G137-I),5.35,10.35,0,12,137.0,0.0
1377,17 Jul 138.00 (AAPL1721G138-3),4.4,9.4,0,12,138.0,0.0
1383,17 Jul 138.00 (AAPL1721G138-I),4.4,9.4,0,12,138.0,0.0
1393,17 Jul 139.00 (AAPL1721G139-3),3.5,8.5,0,12,139.0,0.123479868237
1399,17 Jul 139.00 (AAPL1721G139-I),3.5,8.5,0,12,139.0,0.123479868237
1409,17 Jul 140.00 (AAPL1721G140-3),2.6,7.6,0,12,140.0,0.139067230014
1415,17 Jul 140.00 (AAPL1721G140-I),2.6,7.6,0,12,140.0,0.139067230014
1425,17 Jul 141.00 (AAPL1721G141-3),1.75,6.75,0,12,141.0,0.145822498077
1431,17 Jul 141.00 (AAPL1721G141-I),3.95,6.75,0,12,141.0,0.285864861213
1441,17 Jul 142.00 (AAPL1721G142-3),0.95,5.95,0,12,142.0,0.147832123156
1447,17 Jul 142.00 (AAPL1721G142-I),0.95,5.95,0,12,142.0,0.147832123156
1457,17 Jul 143.00 (AAPL1721G143-3),0.25,5.25,0,12,143.0,0.15150000185
1463,17 Jul 143.00 (AAPL1721G143-I),0.25,5.25,0,12,143.0,0.15150000185
1521,17 Jul 147.00 (AAPL1721G147-3),0.1,5.1,0,12,147.0,0.333911325191
1527,17 Jul 147.00 (AAPL1721G147-I),0.1,5.1,0,12,147.0,0.333911325191
1921,17 Jul 105.00 (AAPL1728G105-3),37.2,42.2,0,12,105.0,0.0
1927,17 Jul 105.00 (AAPL1728G105-I),37.2,42.2,0,12,105.0,0.0
1937,17 Jul 110.00 (AAPL1728G110-3),32.2,37.2,0,12,110.0,0.0
1943,17 Jul 110.00 (AAPL1728G110-I),32.2,37.2,0,12,110.0,0.0
1953,17 Jul 115.00 (AAPL1728G115-3),27.2,32.2,0,12,115.0,0.0
1959,17 Jul 115.00 (AAPL1728G115-I),27.2,32.2,0,12,115.0,0.0
1969,17 Jul 120.00 (AAPL1728G120-3),22.25,27.25,0,12,120.0,0.0
1975,17 Jul 120.00 (AAPL1728G120-I),22.25,27.25,0,12,120.0,0.0
1985,17 Jul 125.00 (AAPL1728G125-3),17.25,22.25,0,12,125.0,0.0
1991,17 Jul 125.00 (AAPL1728G125-I),17.25,22.25,0,12,125.0,0.0
2001,17 Jul 130.00 (AAPL1728G130-3),12.3,17.3,0,12,130.0,0.0
2007,17 Jul 130.00 (AAPL1728G130-I),12.3,17.3,0,12,130.0,0.0
2017,17 Jul 131.00 (AAPL1728G131-3),11.3,16.3,0,12,131.0,0.0
2023,17 Jul 131.00 (AAPL1728G131-I),11.3,16.3,0,12,131.0,0.0
2033,17 Jul 132.00 (AAPL1728G132-3),10.35,15.35,0,12,132.0,0.0
2039,17 Jul 132.00 (AAPL1728G132-I),10.35,15.35,0,12,132.0,0.0
2049,17 Jul 133.00 (AAPL1728G133-3),9.4,14.4,0,12,133.0,0.0
2055,17 Jul 133.00 (AAPL1728G133-I),9.4,14.4,0,12,133.0,0.0
2065,17 Jul 134.00 (AAPL1728G134-3),8.4,13.4,0,12,134.0,0.0
2071,17 Jul 134.00 (AAPL1728G134-I),8.4,13.4,0,12,134.0,0.0
2081,17 Jul 135.00 (AAPL1728G135-3),7.45,12.45,0,12,135.0,0.0
2087,17 Jul 135.00 (AAPL1728G135-I),7.45,12.45,0,12,135.0,0.0
2097,17 Jul 136.00 (AAPL1728G136-3),6.55,11.55,0,12,136.0,0.20363380976
2103,17 Jul 136.00 (AAPL1728G136-I),6.55,11.55,0,12,136.0,0.20363380976
2113,17 Jul 137.00 (AAPL1728G137-3),5.6,10.6,0,12,137.0,0.202300562409
2119,17 Jul 137.00 (AAPL1728G137-I),5.6,10.6,0,12,137.0,0.202300562409
2129,17 Jul 138.00 (AAPL1728G138-3),4.7,9.7,0,12,138.0,0.207474938747
2135,17 Jul 138.00 (AAPL1728G138-I),4.7,9.7,0,12,138.0,0.207474938747
2145,17 Jul 139.00 (AAPL1728G139-3),3.85,8.85,0,12,139.0,0.213388467931
2151,17 Jul 139.00 (AAPL1728G139-I),3.85,8.85,0,12,139.0,0.213388467931
2161,17 Jul 140.00 (AAPL1728G140-3),3.0,8.0,0,12,140.0,0.211093069863
2167,17 Jul 140.00 (AAPL1728G140-I),3.0,8.0,0,12,140.0,0.211093069863
2177,17 Jul 141.00 (AAPL1728G141-3),2.25,7.25,0,12,141.0,0.215725225638
2183,17 Jul 141.00 (AAPL1728G141-I),2.25,7.25,0,12,141.0,0.215725225638
2209,17 Jul 143.00 (AAPL1728G143-3),0.8,5.8,0,12,143.0,0.209261840519
2215,17 Jul 143.00 (AAPL1728G143-I),0.8,5.8,0,12,143.0,0.209261840519
2225,17 Jul 144.00 (AAPL1728G144-3),0.2,5.2,0,12,144.0,0.209055509553
2231,17 Jul 144.00 (AAPL1728G144-I),0.2,5.2,0,12,144.0,0.209055509553
2641,17 Aug 120.00 (AAPL1704H120-3),22.35,27.35,0,43,120.0,0.292813406243
2647,17 Aug 120.00 (AAPL1704H120-I),22.35,27.35,0,43,120.0,0.292813406243
2657,17 Aug 125.00 (AAPL1704H125-3),17.45,22.45,0,43,125.0,0.260463916536
2663,17 Aug 125.00 (AAPL1704H125-I),17.45,22.45,0,43,125.0,0.260463916536
2673,17 Aug 130.00 (AAPL1704H130-3),12.7,17.7,0,43,130.0,0.238426602423
2679,17 Aug 130.00 (AAPL1704H130-I),12.7,17.7,0,43,130.0,0.238426602423
2689,17 Aug 131.00 (AAPL1704H131-3),11.75,16.75,0,43,131.0,0.231379452727
2695,17 Aug 131.00 (AAPL1704H131-I),11.75,16.75,0,43,131.0,0.231379452727
2705,17 Aug 132.00 (AAPL1704H132-3),10.85,15.85,0,43,132.0,0.22899717159
2711,17 Aug 132.00 (AAPL1704H132-I),10.85,15.85,0,43,132.0,0.22899717159
2721,17 Aug 133.00 (AAPL1704H133-3),9.95,14.95,0,43,133.0,0.225154431057
2727,17 Aug 133.00 (AAPL1704H133-I),9.95,14.95,0,43,133.0,0.225154431057
2737,17 Aug 134.00 (AAPL1704H134-3),9.05,14.05,0,43,134.0,0.220057580277
2743,17 Aug 134.00 (AAPL1704H134-I),9.05,14.05,0,43,134.0,0.220057580277
2753,17 Aug 135.00 (AAPL1704H135-3),8.15,13.15,0,43,135.0,0.213841651561
2759,17 Aug 135.00 (AAPL1704H135-I),8.15,13.15,0,43,135.0,0.213841651561
2769,17 Aug 136.00 (AAPL1704H136-3),7.3,12.3,0,43,136.0,0.2103948218
2775,17 Aug 136.00 (AAPL1704H136-I),7.3,12.3,0,43,136.0,0.2103948218
2785,17 Aug 137.00 (AAPL1704H137-3),6.5,11.5,0,43,137.0,0.20896329274
2791,17 Aug 137.00 (AAPL1704H137-I),6.5,11.5,0,43,137.0,0.20896329274
2801,17 Aug 138.00 (AAPL1704H138-3),5.7,10.7,0,43,138.0,0.205727908043
2807,17 Aug 138.00 (AAPL1704H138-I),5.7,10.7,0,43,138.0,0.205727908043
2817,17 Aug 139.00 (AAPL1704H139-3),4.9,9.9,0,43,139.0,0.20087412278
2823,17 Aug 139.00 (AAPL1704H139-I),4.9,9.9,0,43,139.0,0.20087412278
2833,17 Aug 140.00 (AAPL1704H140-3),4.2,9.2,0,43,140.0,0.200294146648
2839,17 Aug 140.00 (AAPL1704H140-I),4.2,9.2,0,43,140.0,0.200294146648
2849,17 Aug 141.00 (AAPL1704H141-3),3.5,8.5,0,43,141.0,0.197711582715
2855,17 Aug 141.00 (AAPL1704H141-I),3.5,8.5,0,43,141.0,0.197711582715
2865,17 Aug 142.00 (AAPL1704H142-3),2.8,7.8,0,43,142.0,0.193260384948
2871,17 Aug 142.00 (AAPL1704H142-I),2.8,7.8,0,43,142.0,0.193260384948
2881,17 Aug 143.00 (AAPL1704H143-3),2.2,7.2,0,43,143.0,0.192146520925
2887,17 Aug 143.00 (AAPL1704H143-I),2.2,7.2,0,43,143.0,0.192146520925
2897,17 Aug 144.00 (AAPL1704H144-3),1.6,6.6,0,43,144.0,0.188959975371
2903,17 Aug 144.00 (AAPL1704H144-I),1.6,6.6,0,43,144.0,0.188959975371
2913,17 Aug 145.00 (AAPL1704H145-3),1.1,6.1,0,43,145.0,0.188747352593
2919,17 Aug 145.00 (AAPL1704H145-I),1.1,6.1,0,43,145.0,0.188747352593
2929,17 Aug 146.00 (AAPL1704H146-3),0.6,5.6,0,43,146.0,0.186386067252
2935,17 Aug 146.00 (AAPL1704H146-I),0.6,5.6,0,43,146.0,0.186386067252
2945,17 Aug 147.00 (AAPL1704H147-3),0.15,5.15,0,43,147.0,0.184382889258
2951,17 Aug 147.00 (AAPL1704H147-I),0.15,5.15,0,43,147.0,0.184382889258
3169,17 Aug 120.00 (AAPL1711H120-3),22.4,27.4,0,43,120.0,0.307327777396
3175,17 Aug 120.00 (AAPL1711H120-I),22.4,27.4,0,43,120.0,0.307327777396
3185,17 Aug 125.00 (AAPL1711H125-3),17.5,22.5,0,43,125.0,0.270375027165
3191,17 Aug 125.00 (AAPL1711H125-I),17.5,22.5,0,43,125.0,0.270375027165
3201,17 Aug 130.00 (AAPL1711H130-3),12.75,17.75,0,43,130.0,0.244588323184
3207,17 Aug 130.00 (AAPL1711H130-I),12.75,17.75,0,43,130.0,0.244588323184
3217,17 Aug 131.00 (AAPL1711H131-3),11.85,16.85,0,43,131.0,0.24262695542
3223,17 Aug 131.00 (AAPL1711H131-I),11.85,16.85,0,43,131.0,0.24262695542
3233,17 Aug 132.00 (AAPL1711H132-3),10.9,15.9,0,43,132.0,0.234168816204
3239,17 Aug 132.00 (AAPL1711H132-I),10.9,15.9,0,43,132.0,0.234168816204
3249,17 Aug 133.00 (AAPL1711H133-3),10.05,15.05,0,43,133.0,0.234509403193
3255,17 Aug 133.00 (AAPL1711H133-I),10.05,15.05,0,43,133.0,0.234509403193
3265,17 Aug 134.00 (AAPL1711H134-3),9.15,14.15,0,43,134.0,0.228714356463
3271,17 Aug 134.00 (AAPL1711H134-I),9.15,14.15,0,43,134.0,0.228714356463
3281,17 Aug 135.00 (AAPL1711H135-3),8.3,13.3,0,43,135.0,0.225847229997
3287,17 Aug 135.00 (AAPL1711H135-I),8.3,13.3,0,43,135.0,0.225847229997
3297,17 Aug 136.00 (AAPL1711H136-3),7.45,12.45,0,43,136.0,0.221513341787
3303,17 Aug 136.00 (AAPL1711H136-I),7.45,12.45,0,43,136.0,0.221513341787
3313,17 Aug 137.00 (AAPL1711H137-3),6.65,11.65,0,43,137.0,0.219258181837
3319,17 Aug 137.00 (AAPL1711H137-I),6.65,11.65,0,43,137.0,0.219258181837
3329,17 Aug 138.00 (AAPL1711H138-3),5.85,10.85,0,43,138.0,0.215370410647
3335,17 Aug 138.00 (AAPL1711H138-I),5.85,10.85,0,43,138.0,0.215370410647
3345,17 Aug 139.00 (AAPL1711H139-3),5.1,10.1,0,43,139.0,0.212995975219
3351,17 Aug 139.00 (AAPL1711H139-I),5.1,10.1,0,43,139.0,0.212995975219
3361,17 Aug 140.00 (AAPL1711H140-3),4.4,9.4,0,43,140.0,0.211768752747
3367,17 Aug 140.00 (AAPL1711H140-I),4.4,9.4,0,43,140.0,0.211768752747
3377,17 Aug 141.00 (AAPL1711H141-3),3.75,8.75,0,43,141.0,0.211427605448
3383,17 Aug 141.00 (AAPL1711H141-I),3.75,8.75,0,43,141.0,0.211427605448
3393,17 Aug 142.00 (AAPL1711H142-3),3.1,8.1,0,43,142.0,0.209159994963
3399,17 Aug 142.00 (AAPL1711H142-I),3.1,8.1,0,43,142.0,0.209159994963
3409,17 Aug 143.00 (AAPL1711H143-3),2.45,7.45,0,43,143.0,0.205057303378
3415,17 Aug 143.00 (AAPL1711H143-I),2.45,7.45,0,43,143.0,0.205057303378
3425,17 Aug 144.00 (AAPL1711H144-3),1.9,6.9,0,43,144.0,0.204204804973
3431,17 Aug 144.00 (AAPL1711H144-I),1.9,6.9,0,43,144.0,0.204204804973
3441,17 Aug 145.00 (AAPL1711H145-3),1.4,6.4,0,43,145.0,0.203904454079
3447,17 Aug 145.00 (AAPL1711H145-I),1.4,6.4,0,43,145.0,0.203904454079
3457,17 Aug 146.00 (AAPL1711H146-3),0.9,5.9,0,43,146.0,0.201617784009
3463,17 Aug 146.00 (AAPL1711H146-I),0.9,5.9,0,43,146.0,0.201617784009
3473,17 Aug 147.00 (AAPL1711H147-3),0.45,5.45,0,43,147.0,0.199859899778
3479,17 Aug 147.00 (AAPL1711H147-I),0.45,5.45,0,43,147.0,0.199859899778
3489,17 Aug 148.00 (AAPL1711H148-3),0.05,5.05,0,43,148.0,0.198657544489
3495,17 Aug 148.00 (AAPL1711H148-I),0.05,5.05,0,43,148.0,0.198657544489
3697,17 Aug 2.50 (AAPL1718H2.5-3),139.6,144.6,0,43,2.5,4.7512689724
3703,17 Aug 2.50 (AAPL1718H2.5-I),139.6,144.6,0,43,2.5,4.7512689724
3713,17 Aug 5.00 (AAPL1718H5-3),137.1,142.1,0,43,5.0,3.80153273914
3719,17 Aug 5.00 (AAPL1718H5-I),137.1,142.1,0,43,5.0,3.80153273914
3729,17 Aug 7.50 (AAPL1718H7.5-3),134.6,139.6,0,43,7.5,3.27747608985
3735,17 Aug 7.50 (AAPL1718H7.5-I),134.6,139.6,0,43,7.5,3.27747608985
3745,17 Aug 10.00 (AAPL1718H10-3),132.15,137.15,0,43,10.0,3.1968277429
3751,17 Aug 10.00 (AAPL1718H10-I),132.15,137.15,0,43,10.0,3.1968277429
3761,17 Aug 12.50 (AAPL1718H12.5-3),129.65,134.65,0,43,12.5,2.90261404831
3767,17 Aug 12.50 (AAPL1718H12.5-I),129.65,134.65,0,43,12.5,2.90261404831
3777,17 Aug 15.00 (AAPL1718H15-3),127.15,132.15,0,43,15.0,2.66654074748
3783,17 Aug 15.00 (AAPL1718H15-I),127.15,132.15,0,43,15.0,2.66654074748
3793,17 Aug 17.50 (AAPL1718H17.5-3),124.65,129.65,0,43,17.5,2.46962021782
3799,17 Aug 17.50 (AAPL1718H17.5-I),124.65,129.65,0,43,17.5,2.46962021782
3809,17 Aug 20.00 (AAPL1718H20-3),122.15,127.15,0,43,20.0,2.30080902996
3815,17 Aug 20.00 (AAPL1718H20-I),122.15,127.15,0,43,20.0,2.30080902996
3825,17 Aug 22.50 (AAPL1718H22.5-3),119.65,124.65,0,43,22.5,2.15312902404
3831,17 Aug 22.50 (AAPL1718H22.5-I),119.65,124.65,0,43,22.5,2.15312902404
3841,17 Aug 25.00 (AAPL1718H25-3),117.15,122.15,0,43,25.0,2.0218950903
3847,17 Aug 25.00 (AAPL1718H25-I),117.15,122.15,0,43,25.0,2.0218950903
3857,17 Aug 30.00 (AAPL1718H30-3),112.15,117.15,0,43,30.0,1.79647589863
3863,17 Aug 30.00 (AAPL1718H30-I),112.15,117.15,0,43,30.0,1.79647589863
3873,17 Aug 35.00 (AAPL1718H35-3),107.15,112.15,0,43,35.0,1.60722725458
3879,17 Aug 35.00 (AAPL1718H35-I),107.15,112.15,0,43,35.0,1.60722725458
3889,17 Aug 40.00 (AAPL1718H40-3),102.15,107.15,0,43,40.0,1.44399088925
3895,17 Aug 40.00 (AAPL1718H40-I),102.15,107.15,0,43,40.0,1.44399088925
3905,17 Aug 45.00 (AAPL1718H45-3),97.15,102.15,0,43,45.0,1.30028697509
3911,17 Aug 45.00 (AAPL1718H45-I),97.15,102.15,0,43,45.0,1.30028697509
3921,17 Aug 50.00 (AAPL1718H50-3),92.2,97.2,0,43,50.0,1.2782170431
3927,17 Aug 50.00 (AAPL1718H50-I),92.2,97.2,0,43,50.0,1.2782170431
3937,17 Aug 55.00 (AAPL1718H55-3),87.2,92.2,0,43,55.0,1.16043937315
3943,17 Aug 55.00 (AAPL1718H55-I),87.2,92.2,0,43,55.0,1.16043937315
3953,17 Aug 60.00 (AAPL1718H60-3),82.2,87.2,0,43,60.0,1.05328393898
3959,17 Aug 60.00 (AAPL1718H60-I),82.2,87.2,0,43,60.0,1.05328393898
3969,17 Aug 65.00 (AAPL1718H65-3),77.2,82.2,0,43,65.0,0.95498305513
3975,17 Aug 65.00 (AAPL1718H65-I),77.2,82.2,0,43,65.0,0.95498305513
3985,17 Aug 70.00 (AAPL1718H70-3),72.2,77.2,0,43,70.0,0.86417293251
3991,17 Aug 70.00 (AAPL1718H70-I),72.2,77.2,0,43,70.0,0.86417293251
4001,17 Aug 75.00 (AAPL1718H75-3),67.2,72.2,0,43,75.0,0.779778947541
4007,17 Aug 75.00 (AAPL1718H75-I),67.2,72.2,0,43,75.0,0.779778947541
4017,17 Aug 80.00 (AAPL1718H80-3),62.2,67.2,0,43,80.0,0.700938516922
4023,17 Aug 80.00 (AAPL1718H80-I),62.2,67.2,0,43,80.0,0.700938516922
4033,17 Aug 85.00 (AAPL1718H85-3),57.2,62.2,0,43,85.0,0.626947477914
4039,17 Aug 85.00 (AAPL1718H85-I),57.2,62.2,0,43,85.0,0.626947477914
4049,17 Aug 90.00 (AAPL1718H90-3),52.25,57.25,0,43,90.0,0.610394265507
4055,17 Aug 90.00 (AAPL1718H90-I),52.25,57.25,0,43,90.0,0.610394265507
4065,17 Aug 95.00 (AAPL1718H95-3),47.25,52.25,0,43,95.0,0.543026436859
4071,17 Aug 95.00 (AAPL1718H95-I),47.25,52.25,0,43,95.0,0.543026436859
4081,17 Aug 100.00 (AAPL1718H100-3),42.25,47.25,0,43,100.0,0.479131844851
4087,17 Aug 100.00 (AAPL1718H100-I),42.25,47.25,0,43,100.0,0.479131844851
4097,17 Aug 105.00 (AAPL1718H105-3),37.25,42.25,0,43,105.0,0.418342528965
4103,17 Aug 105.00 (AAPL1718H105-I),37.25,42.25,0,43,105.0,0.418342528965
4113,17 Aug 110.00 (AAPL1718H110-3),32.3,37.3,0,43,110.0,0.38860251869
4119,17 Aug 110.00 (AAPL1718H110-I),32.3,37.3,0,43,110.0,0.38860251869
4129,17 Aug 115.00 (AAPL1718H115-3),27.35,32.35,0,43,115.0,0.350478988763
4135,17 Aug 115.00 (AAPL1718H115-I),27.35,32.35,0,43,115.0,0.350478988763
4145,17 Aug 120.00 (AAPL1718H120-3),22.4,27.4,0,43,120.0,0.307327777396
4151,17 Aug 120.00 (AAPL1718H120-I),22.4,27.4,0,43,120.0,0.307327777396
4161,17 Aug 125.00 (AAPL1718H125-3),17.55,22.55,0,43,125.0,0.279454223685
4167,17 Aug 125.00 (AAPL1718H125-I),17.55,22.55,0,43,125.0,0.279454223685
4177,17 Aug 130.00 (AAPL1718H130-3),12.85,17.85,0,43,130.0,0.256214952579
4183,17 Aug 130.00 (AAPL1718H130-I),12.85,17.85,0,43,130.0,0.256214952579
4193,17 Aug 135.00 (AAPL1718H135-3),8.4,13.4,0,43,135.0,0.233569915758
4199,17 Aug 135.00 (AAPL1718H135-I),8.4,13.4,0,43,135.0,0.233569915758
4209,17 Aug 140.00 (AAPL1718H140-3),4.45,9.45,0,43,140.0,0.214616574442
4215,17 Aug 140.00 (AAPL1718H140-I),4.45,9.45,0,43,140.0,0.214616574442
4225,17 Aug 145.00 (AAPL1718H145-3),1.6,6.6,0,43,145.0,0.214009452259
4231,17 Aug 145.00 (AAPL1718H145-I),1.6,6.6,0,43,145.0,0.214009452259
4241,17 Aug 150.00 (AAPL1718H150-3),0.05,5.05,0,43,150.0,0.234614959051
4247,17 Aug 150.00 (AAPL1718H150-I),0.05,5.05,0,43,150.0,0.234614959051
4689,17 Aug 110.00 (AAPL1725H110-3),32.3,37.3,0,43,110.0,0.38860251869
4695,17 Aug 110.00 (AAPL1725H110-I),32.3,37.3,0,43,110.0,0.38860251869
4705,17 Aug 115.00 (AAPL1725H115-3),27.35,32.35,0,43,115.0,0.350478988763
4711,17 Aug 115.00 (AAPL1725H115-I),27.35,32.35,0,43,115.0,0.350478988763
4721,17 Aug 120.00 (AAPL1725H120-3),22.4,27.4,0,43,120.0,0.307327777396
4727,17 Aug 120.00 (AAPL1725H120-I),22.4,27.4,0,43,120.0,0.307327777396
4737,17 Aug 125.00 (AAPL1725H125-3),17.6,22.6,0,43,125.0,0.287892675707
4743,17 Aug 125.00 (AAPL1725H125-I),17.6,22.6,0,43,125.0,0.287892675707
4753,17 Aug 130.00 (AAPL1725H130-3),12.9,17.9,0,43,130.0,0.26174024783
4759,17 Aug 130.00 (AAPL1725H130-I),12.9,17.9,0,43,130.0,0.26174024783
4769,17 Aug 131.00 (AAPL1725H131-3),12.0,17.0,0,43,131.0,0.258232819925
4775,17 Aug 131.00 (AAPL1725H131-I),12.0,17.0,0,43,131.0,0.258232819925
4785,17 Aug 132.00 (AAPL1725H132-3),11.1,16.1,0,43,132.0,0.253551219981
4791,17 Aug 132.00 (AAPL1725H132-I),11.1,16.1,0,43,132.0,0.253551219981
4801,17 Aug 133.00 (AAPL1725H133-3),10.25,15.25,0,43,133.0,0.252106559012
4807,17 Aug 133.00 (AAPL1725H133-I),10.25,15.25,0,43,133.0,0.252106559012
4817,17 Aug 134.00 (AAPL1725H134-3),9.4,14.4,0,43,134.0,0.249129717519
4823,17 Aug 134.00 (AAPL1725H134-I),9.4,14.4,0,43,134.0,0.249129717519
4833,17 Aug 135.00 (AAPL1725H135-3),8.6,13.6,0,43,135.0,0.248478313679
4839,17 Aug 135.00 (AAPL1725H135-I),8.6,13.6,0,43,135.0,0.248478313679
4849,17 Aug 136.00 (AAPL1725H136-3),7.75,12.75,0,43,136.0,0.242733447448
4855,17 Aug 136.00 (AAPL1725H136-I),7.75,12.75,0,43,136.0,0.242733447448
4865,17 Aug 137.00 (AAPL1725H137-3),7.0,12.0,0,43,137.0,0.242376505059
4871,17 Aug 137.00 (AAPL1725H137-I),7.0,12.0,0,43,137.0,0.242376505059
4881,17 Aug 138.00 (AAPL1725H138-3),6.25,11.25,0,43,138.0,0.24029686497
4887,17 Aug 138.00 (AAPL1725H138-I),6.25,11.25,0,43,138.0,0.24029686497
4897,17 Aug 139.00 (AAPL1725H139-3),5.5,10.5,0,43,139.0,0.236657986591
4903,17 Aug 139.00 (AAPL1725H139-I),5.5,10.5,0,43,139.0,0.236657986591
4913,17 Aug 140.00 (AAPL1725H140-3),4.8,9.8,0,43,140.0,0.234356378091
4919,17 Aug 140.00 (AAPL1725H140-I),4.8,9.8,0,43,140.0,0.234356378091
4929,17 Aug 141.00 (AAPL1725H141-3),4.15,9.15,0,43,141.0,0.233147339345
4935,17 Aug 141.00 (AAPL1725H141-I),4.15,9.15,0,43,141.0,0.233147339345
4945,17 Aug 142.00 (AAPL1725H142-3),3.55,8.55,0,43,142.0,0.232859669488
4951,17 Aug 142.00 (AAPL1725H142-I),3.55,8.55,0,43,142.0,0.232859669488
4961,17 Aug 143.00 (AAPL1725H143-3),2.95,7.95,0,43,143.0,0.230815513551
4967,17 Aug 143.00 (AAPL1725H143-I),2.95,7.95,0,43,143.0,0.230815513551
4977,17 Aug 144.00 (AAPL1725H144-3),2.4,7.4,0,43,144.0,0.229603753861
4983,17 Aug 144.00 (AAPL1725H144-I),2.4,7.4,0,43,144.0,0.229603753861
4993,17 Aug 145.00 (AAPL1725H145-3),1.85,6.85,0,43,145.0,0.226641143622
4999,17 Aug 145.00 (AAPL1725H145-I),1.85,6.85,0,43,145.0,0.226641143622
5009,17 Aug 146.00 (AAPL1725H146-3),1.4,6.4,0,43,146.0,0.226967277018
5015,17 Aug 146.00 (AAPL1725H146-I),1.4,6.4,0,43,146.0,0.226967277018
5025,17 Aug 147.00 (AAPL1725H147-3),0.95,5.95,0,43,147.0,0.22552581251
5031,17 Aug 147.00 (AAPL1725H147-I),0.95,5.95,0,43,147.0,0.22552581251
5041,17 Aug 148.00 (AAPL1725H148-3),0.5,5.5,0,43,148.0,0.222267742107
5047,17 Aug 148.00 (AAPL1725H148-I),0.5,5.5,0,43,148.0,0.222267742107
5057,17 Aug 149.00 (AAPL1725H149-3),0.15,5.15,0,43,149.0,0.222428803638
5063,17 Aug 149.00 (AAPL1725H149-I),0.15,5.15,0,43,149.0,0.222428803638
5217,17 Sep 2.50 (AAPL1715I2.5-3),139.6,144.6,0,73,2.5,5.10842967015
5223,17 Sep 2.50 (AAPL1715I2.5-I),139.6,144.6,0,73,2.5,5.10842967015
5233,17 Sep 5.00 (AAPL1715I5-3),137.1,142.1,0,73,5.0,3.97645501603
5239,17 Sep 5.00 (AAPL1715I5-I),137.1,142.1,0,73,5.0,3.97645501603
5249,17 Sep 7.50 (AAPL1715I7.5-3),134.6,139.6,0,73,7.5,3.40172276615
5255,17 Sep 7.50 (AAPL1715I7.5-I),134.6,139.6,0,73,7.5,3.40172276615
5265,17 Sep 10.00 (AAPL1715I10-3),132.15,137.15,0,73,10.0,3.08449258218
5271,17 Sep 10.00 (AAPL1715I10-I),132.15,137.15,0,73,10.0,3.08449258218
5281,17 Sep 12.50 (AAPL1715I12.5-3),129.65,134.65,0,73,12.5,2.79550268128
5287,17 Sep 12.50 (AAPL1715I12.5-I),129.65,134.65,0,73,12.5,2.79550268128
5297,17 Sep 15.00 (AAPL1715I15-3),127.15,132.15,0,73,15.0,2.56696681136
5303,17 Sep 15.00 (AAPL1715I15-I),127.15,132.15,0,73,15.0,2.56696681136
5313,17 Sep 17.50 (AAPL1715I17.5-3),124.65,129.65,0,73,17.5,2.37844615279
5319,17 Sep 17.50 (AAPL1715I17.5-I),124.65,129.65,0,73,17.5,2.37844615279
5329,17 Sep 20.00 (AAPL1715I20-3),122.15,127.15,0,73,20.0,2.21828216752
5335,17 Sep 20.00 (AAPL1715I20-I),122.15,127.15,0,73,20.0,2.21828216752
5345,17 Sep 22.50 (AAPL1715I22.5-3),119.65,124.65,0,73,22.5,2.0792174565
5351,17 Sep 22.50 (AAPL1715I22.5-I),119.65,124.65,0,73,22.5,2.0792174565
5361,17 Sep 25.00 (AAPL1715I25-3),117.15,122.15,0,73,25.0,1.95643804333
5367,17 Sep 25.00 (AAPL1715I25-I),117.15,122.15,0,73,25.0,1.95643804333
5377,17 Sep 30.00 (AAPL1715I30-3),112.15,117.15,0,73,30.0,1.74725683965
5383,17 Sep 30.00 (AAPL1715I30-I),112.15,117.15,0,73,30.0,1.74725683965
5393,17 Sep 35.00 (AAPL1715I35-3),107.15,112.15,0,73,35.0,1.57330823127
5399,17 Sep 35.00 (AAPL1715I35-I),107.15,112.15,0,73,35.0,1.57330823127
5409,17 Sep 40.00 (AAPL1715I40-3),102.15,107.15,0,73,40.0,1.42452965231
5415,17 Sep 40.00 (AAPL1715I40-I),102.15,107.15,0,73,40.0,1.42452965231
5425,17 Sep 45.00 (AAPL1715I45-3),97.15,102.15,0,73,45.0,1.29459832533
5431,17 Sep 45.00 (AAPL1715I45-I),97.15,102.15,0,73,45.0,1.29459832533
5441,17 Sep 50.00 (AAPL1715I50-3),92.2,97.2,0,73,50.0,1.20413303037
5447,17 Sep 50.00 (AAPL1715I50-I),92.2,97.2,0,73,50.0,1.20413303037
5457,17 Sep 55.00 (AAPL1715I55-3),87.2,92.2,0,73,55.0,1.09896003386
5463,17 Sep 55.00 (AAPL1715I55-I),87.2,92.2,0,73,55.0,1.09896003386
5473,17 Sep 60.00 (AAPL1715I60-3),82.2,87.2,0,73,60.0,1.00343495437
5479,17 Sep 60.00 (AAPL1715I60-I),82.2,87.2,0,73,60.0,1.00343495437
5489,17 Sep 65.00 (AAPL1715I65-3),77.2,82.2,0,73,65.0,0.915909122065
5495,17 Sep 65.00 (AAPL1715I65-I),77.2,82.2,0,73,65.0,0.915909122065
5505,17 Sep 70.00 (AAPL1715I70-3),72.2,77.2,0,73,70.0,0.835113664303
5511,17 Sep 70.00 (AAPL1715I70-I),72.2,77.2,0,73,70.0,0.835113664303
5521,17 Sep 75.00 (AAPL1715I75-3),67.2,72.2,0,73,75.0,0.760050119796
5527,17 Sep 75.00 (AAPL1715I75-I),67.2,72.2,0,73,75.0,0.760050119796
5537,17 Sep 80.00 (AAPL1715I80-3),62.2,67.2,0,73,80.0,0.689917228997
5543,17 Sep 80.00 (AAPL1715I80-I),62.2,67.2,0,73,80.0,0.689917228997
5553,17 Sep 85.00 (AAPL1715I85-3),57.2,62.2,0,73,85.0,0.624060285122
5559,17 Sep 85.00 (AAPL1715I85-I),57.2,62.2,0,73,85.0,0.624060285122
5569,17 Sep 90.00 (AAPL1715I90-3),52.25,57.25,0,73,90.0,0.575943586923
5575,17 Sep 90.00 (AAPL1715I90-I),52.25,57.25,0,73,90.0,0.575943586923
5585,17 Sep 95.00 (AAPL1715I95-3),47.25,52.25,0,73,95.0,0.516181649799
5591,17 Sep 95.00 (AAPL1715I95-I),47.25,52.25,0,73,95.0,0.516181649799
5601,17 Sep 100.00 (AAPL1715I100-3),42.25,47.25,0,73,100.0,0.459303878189
5607,17 Sep 100.00 (AAPL1715I100-I),42.25,47.25,0,73,100.0,0.459303878189
5617,17 Sep 105.00 (AAPL1715I105-3),37.3,42.3,0,73,105.0,0.415355574541
5623,17 Sep 105.00 (AAPL1715I105-I),37.3,42.3,0,73,105.0,0.415355574541
5633,17 Sep 110.00 (AAPL1715I110-3),32.3,37.3,0,73,110.0,0.362350739251
5639,17 Sep 110.00 (AAPL1715I110-I),32.3,37.3,0,73,110.0,0.362350739251
5649,17 Sep 115.00 (AAPL1715I115-3),27.4,32.4,0,73,115.0,0.326906890376
5655,17 Sep 115.00 (AAPL1715I115-I),27.4,32.4,0,73,115.0,0.326906890376
5665,17 Sep 120.00 (AAPL1715I120-3),22.5,27.5,0,73,120.0,0.288330532983
5671,17 Sep 120.00 (AAPL1715I120-I),22.5,27.5,0,73,120.0,0.288330532983
5681,17 Sep 125.00 (AAPL1715I125-3),17.8,22.8,0,73,125.0,0.265614593
5687,17 Sep 125.00 (AAPL1715I125-I),17.8,22.8,0,73,125.0,0.265614593
5697,17 Sep 130.00 (AAPL1715I130-3),13.25,18.25,0,73,130.0,0.242539080909
5703,17 Sep 130.00 (AAPL1715I130-I),13.25,18.25,0,73,130.0,0.242539080909
5713,17 Sep 135.00 (AAPL1715I135-3),9.1,14.1,0,73,135.0,0.227407681652
5719,17 Sep 135.00 (AAPL1715I135-I),9.1,14.1,0,73,135.0,0.227407681652
5729,17 Sep 140.00 (AAPL1715I140-3),5.55,10.55,0,73,140.0,0.218397158996
5735,17 Sep 140.00 (AAPL1715I140-I),5.55,10.55,0,73,140.0,0.218397158996
5745,17 Sep 145.00 (AAPL1715I145-3),2.65,7.65,0,73,145.0,0.20980447887
5751,17 Sep 145.00 (AAPL1715I145-I),2.65,7.65,0,73,145.0,0.20980447887
5777,17 Sep 155.00 (AAPL1715I155-3),0.2,5.2,0,73,155.0,0.250662465844
5783,17 Sep 155.00 (AAPL1715I155-I),0.2,5.2,0,73,155.0,0.250662465844
6273,17 Oct 25.00 (AAPL1720J25-3),117.15,122.15,0,104,25.0,1.82095585451
6279,17 Oct 25.00 (AAPL1720J25-I),117.15,122.15,0,104,25.0,1.82095585451
6289,17 Oct 30.00 (AAPL1720J30-3),112.15,117.15,0,104,30.0,1.6260944219
6295,17 Oct 30.00 (AAPL1720J30-I),112.15,117.15,0,104,30.0,1.6260944219
6305,17 Oct 35.00 (AAPL1720J35-3),107.15,112.15,0,104,35.0,1.46469967128
6311,17 Oct 35.00 (AAPL1720J35-I),107.15,112.15,0,104,35.0,1.46469967128
6321,17 Oct 40.00 (AAPL1720J40-3),102.15,107.15,0,104,40.0,1.32706555857
6327,17 Oct 40.00 (AAPL1720J40-I),102.15,107.15,0,104,40.0,1.32706555857
6337,17 Oct 45.00 (AAPL1720J45-3),97.15,102.15,0,104,45.0,1.20713367221
6343,17 Oct 45.00 (AAPL1720J45-I),97.15,102.15,0,104,45.0,1.20713367221
6353,17 Oct 50.00 (AAPL1720J50-3),92.2,97.2,0,104,50.0,1.11528124676
6359,17 Oct 50.00 (AAPL1720J50-I),92.2,97.2,0,104,50.0,1.11528124676
6369,17 Oct 55.00 (AAPL1720J55-3),87.2,92.2,0,104,55.0,1.01895049171
6375,17 Oct 55.00 (AAPL1720J55-I),87.2,92.2,0,104,55.0,1.01895049171
6385,17 Oct 60.00 (AAPL1720J60-3),82.2,87.2,0,104,60.0,0.931533736637
6391,17 Oct 60.00 (AAPL1720J60-I),82.2,87.2,0,104,60.0,0.931533736637
6401,17 Oct 65.00 (AAPL1720J65-3),77.2,82.2,0,104,65.0,0.851484752135
6407,17 Oct 65.00 (AAPL1720J65-I),77.2,82.2,0,104,65.0,0.851484752135
6417,17 Oct 70.00 (AAPL1720J70-3),72.2,77.2,0,104,70.0,0.777615798246
6423,17 Oct 70.00 (AAPL1720J70-I),72.2,77.2,0,104,70.0,0.777615798246
6433,17 Oct 75.00 (AAPL1720J75-3),67.2,72.2,0,104,75.0,0.708993465011
6439,17 Oct 75.00 (AAPL1720J75-I),67.2,72.2,0,104,75.0,0.708993465011
6449,17 Oct 80.00 (AAPL1720J80-3),62.2,67.2,0,104,80.0,0.644869137381
6455,17 Oct 80.00 (AAPL1720J80-I),62.2,67.2,0,104,80.0,0.644869137381
6465,17 Oct 85.00 (AAPL1720J85-3),57.2,62.2,0,104,85.0,0.584630964459
6471,17 Oct 85.00 (AAPL1720J85-I),57.2,62.2,0,104,85.0,0.584630964459
6481,17 Oct 90.00 (AAPL1720J90-3),52.25,57.25,0,104,90.0,0.536064508453
6487,17 Oct 90.00 (AAPL1720J90-I),52.25,57.25,0,104,90.0,0.536064508453
6497,17 Oct 95.00 (AAPL1720J95-3),47.25,52.25,0,104,95.0,0.481602985438
6503,17 Oct 95.00 (AAPL1720J95-I),47.25,52.25,0,104,95.0,0.481602985438
6513,17 Oct 100.00 (AAPL1720J100-3),42.3,47.3,0,104,100.0,0.436642499911
6519,17 Oct 100.00 (AAPL1720J100-I),42.3,47.3,0,104,100.0,0.436642499911
6529,17 Oct 105.00 (AAPL1720J105-3),37.3,42.3,0,104,105.0,0.386492588075
6535,17 Oct 105.00 (AAPL1720J105-I),37.3,42.3,0,104,105.0,0.386492588075
6545,17 Oct 110.00 (AAPL1720J110-3),32.4,37.4,0,104,110.0,0.349436200164
6551,17 Oct 110.00 (AAPL1720J110-I),32.4,37.4,0,104,110.0,0.349436200164
6561,17 Oct 115.00 (AAPL1720J115-3),26.95,31.95,0,104,115.0,0.247266020463
6567,17 Oct 115.00 (AAPL1720J115-I),26.95,31.95,0,104,115.0,0.247266020463
6577,17 Oct 120.00 (AAPL1720J120-3),22.8,27.8,0,104,120.0,0.287719444938
6583,17 Oct 120.00 (AAPL1720J120-I),22.8,27.8,0,104,120.0,0.287719444938
6593,17 Oct 125.00 (AAPL1720J125-3),18.25,23.25,0,104,125.0,0.266690147703
6599,17 Oct 125.00 (AAPL1720J125-I),18.25,23.25,0,104,125.0,0.266690147703
6609,17 Oct 130.00 (AAPL1720J130-3),14.0,19.0,0,104,130.0,0.251581719734
6615,17 Oct 130.00 (AAPL1720J130-I),14.0,19.0,0,104,130.0,0.251581719734
6625,17 Oct 135.00 (AAPL1720J135-3),10.95,15.95,0,104,135.0,0.270779282588
6631,17 Oct 135.00 (AAPL1720J135-I),10.95,15.95,0,104,135.0,0.270779282588
6641,17 Oct 140.00 (AAPL1720J140-3),6.8,11.8,0,104,140.0,0.231655331065
6647,17 Oct 140.00 (AAPL1720J140-I),6.8,11.8,0,104,140.0,0.231655331065
6657,17 Oct 145.00 (AAPL1720J145-3),4.05,8.85,0,104,145.0,0.222355762426
6663,17 Oct 145.00 (AAPL1720J145-I),4.05,8.85,0,104,145.0,0.222355762426
6673,17 Oct 150.00 (AAPL1720J150-3),1.9,6.9,0,104,150.0,0.220905968375
6679,17 Oct 150.00 (AAPL1720J150-I),1.9,6.9,0,104,150.0,0.220905968375
6689,17 Oct 155.00 (AAPL1720J155-3),0.35,5.35,0,104,155.0,0.218511142233
6695,17 Oct 155.00 (AAPL1720J155-I),0.35,5.35,0,104,155.0,0.218511142233
6737,17 Oct 170.00 (AAPL1720J170-3),0.05,5.05,0,104,170.0,0.327991359205
6743,17 Oct 170.00 (AAPL1720J170-I),0.05,5.05,0,104,170.0,0.327991359205
7041,17 Nov 47.50 (AAPL1717K47.5-3),94.65,99.65,0,134,47.5,1.09001286823
7047,17 Nov 47.50 (AAPL1717K47.5-I),94.65,99.65,0,134,47.5,1.09001286823
7057,17 Nov 50.00 (AAPL1717K50-3),92.15,97.15,0,134,50.0,1.04144827758
7063,17 Nov 50.00 (AAPL1717K50-I),92.15,97.15,0,134,50.0,1.04144827758
7073,17 Nov 55.00 (AAPL1717K55-3),87.2,92.2,0,134,55.0,0.961420032757
7079,17 Nov 55.00 (AAPL1717K55-I),87.2,92.2,0,134,55.0,0.961420032757
7089,17 Nov 60.00 (AAPL1717K60-3),82.2,87.2,0,134,60.0,0.879479255352
7095,17 Nov 60.00 (AAPL1717K60-I),82.2,87.2,0,134,60.0,0.879479255352
7105,17 Nov 65.00 (AAPL1717K65-3),77.2,82.2,0,134,65.0,0.804490186022
7111,17 Nov 65.00 (AAPL1717K65-I),77.2,82.2,0,134,65.0,0.804490186022
7121,17 Nov 70.00 (AAPL1717K70-3),72.2,77.2,0,134,70.0,0.735320061106
7127,17 Nov 70.00 (AAPL1717K70-I),72.2,77.2,0,134,70.0,0.735320061106
7137,17 Nov 75.00 (AAPL1717K75-3),67.2,72.2,0,134,75.0,0.6710798955
7143,17 Nov 75.00 (AAPL1717K75-I),67.2,72.2,0,134,75.0,0.6710798955
7153,17 Nov 80.00 (AAPL1717K80-3),62.2,67.2,0,134,80.0,0.611057374312
7159,17 Nov 80.00 (AAPL1717K80-I),62.2,67.2,0,134,80.0,0.611057374312
7169,17 Nov 85.00 (AAPL1717K85-3),57.2,62.2,0,134,85.0,0.554670578228
7175,17 Nov 85.00 (AAPL1717K85-I),57.2,62.2,0,134,85.0,0.554670578228
7185,17 Nov 90.00 (AAPL1717K90-3),52.25,57.25,0,134,90.0,0.507453348888
7191,17 Nov 90.00 (AAPL1717K90-I),52.25,57.25,0,134,90.0,0.507453348888
7201,17 Nov 92.50 (AAPL1717K92.5-3),49.75,54.75,0,134,92.5,0.481689412583
7207,17 Nov 92.50 (AAPL1717K92.5-I),49.75,54.75,0,134,92.5,0.481689412583
7217,17 Nov 95.00 (AAPL1717K95-3),47.25,52.25,0,134,95.0,0.456566222989
7223,17 Nov 95.00 (AAPL1717K95-I),47.25,52.25,0,134,95.0,0.456566222989
7233,17 Nov 97.50 (AAPL1717K97.5-3),44.8,49.8,0,134,97.5,0.437328846265
7239,17 Nov 97.50 (AAPL1717K97.5-I),44.8,49.8,0,134,97.5,0.437328846265
7249,17 Nov 100.00 (AAPL1717K100-3),42.3,47.3,0,134,100.0,0.413173232134
7255,17 Nov 100.00 (AAPL1717K100-I),42.3,47.3,0,134,100.0,0.413173232134
7265,17 Nov 105.00 (AAPL1717K105-3),37.4,42.4,0,134,105.0,0.375499602607
7271,17 Nov 105.00 (AAPL1717K105-I),37.4,42.4,0,134,105.0,0.375499602607
7281,17 Nov 110.00 (AAPL1717K110-3),32.55,37.55,0,134,110.0,0.341722129162
7287,17 Nov 110.00 (AAPL1717K110-I),32.55,37.55,0,134,110.0,0.341722129162
7297,17 Nov 115.00 (AAPL1717K115-3),27.85,32.85,0,134,115.0,0.316709370298
7303,17 Nov 115.00 (AAPL1717K115-I),27.85,32.85,0,134,115.0,0.316709370298
7313,17 Nov 120.00 (AAPL1717K120-3),23.25,28.25,0,134,120.0,0.293210940731
7319,17 Nov 120.00 (AAPL1717K120-I),23.25,28.25,0,134,120.0,0.293210940731
7329,17 Nov 125.00 (AAPL1717K125-3),18.9,23.9,0,134,125.0,0.276016142388
7335,17 Nov 125.00 (AAPL1717K125-I),18.9,23.9,0,134,125.0,0.276016142388
7345,17 Nov 130.00 (AAPL1717K130-3),14.85,19.85,0,134,130.0,0.2625158021
7351,17 Nov 130.00 (AAPL1717K130-I),14.85,19.85,0,134,130.0,0.2625158021
7361,17 Nov 135.00 (AAPL1717K135-3),11.2,16.2,0,134,135.0,0.25253664568
7367,17 Nov 135.00 (AAPL1717K135-I),11.2,16.2,0,134,135.0,0.25253664568
7377,17 Nov 140.00 (AAPL1717K140-3),8.0,13.0,0,134,140.0,0.244613493268
7383,17 Nov 140.00 (AAPL1717K140-I),8.0,13.0,0,134,140.0,0.244613493268
7393,17 Nov 145.00 (AAPL1717K145-3),5.3,10.3,0,134,145.0,0.23839920778
7399,17 Nov 145.00 (AAPL1717K145-I),5.3,10.3,0,134,145.0,0.23839920778
7409,17 Nov 150.00 (AAPL1717K150-3),3.95,8.95,0,134,150.0,0.258181183865
7415,17 Nov 150.00 (AAPL1717K150-I),3.95,8.95,0,134,150.0,0.258181183865
7425,17 Nov 155.00 (AAPL1717K155-3),1.4,6.4,0,134,155.0,0.229358998191
7431,17 Nov 155.00 (AAPL1717K155-I),1.4,6.4,0,134,155.0,0.229358998191
7441,17 Nov 160.00 (AAPL1717K160-3),0.15,5.15,0,134,160.0,0.227012329757
7447,17 Nov 160.00 (AAPL1717K160-I),0.15,5.15,0,134,160.0,0.227012329757
7745,17 Dec 80.00 (AAPL1715L80-3),62.2,67.2,0,165,80.0,0.584118498259
7751,17 Dec 80.00 (AAPL1715L80-I),62.2,67.2,0,165,80.0,0.584118498259
7761,17 Dec 85.00 (AAPL1715L85-3),57.25,62.25,0,165,85.0,0.535743873895
7767,17 Dec 85.00 (AAPL1715L85-I),57.25,62.25,0,165,85.0,0.535743873895
7777,17 Dec 90.00 (AAPL1715L90-3),52.25,57.25,0,165,90.0,0.485000181793
7783,17 Dec 90.00 (AAPL1715L90-I),52.25,57.25,0,165,90.0,0.485000181793
7793,17 Dec 95.00 (AAPL1715L95-3),47.3,52.3,0,165,95.0,0.44119148286
7799,17 Dec 95.00 (AAPL1715L95-I),47.3,52.3,0,165,95.0,0.44119148286
7809,17 Dec 100.00 (AAPL1715L100-3),42.35,47.35,0,165,100.0,0.398980125179
7815,17 Dec 100.00 (AAPL1715L100-I),42.35,47.35,0,165,100.0,0.398980125179
7825,17 Dec 105.00 (AAPL1715L105-3),37.5,42.5,0,165,105.0,0.365167098576
7831,17 Dec 105.00 (AAPL1715L105-I),37.5,42.5,0,165,105.0,0.365167098576
7841,17 Dec 110.00 (AAPL1715L110-3),32.7,37.7,0,165,110.0,0.334037947285
7847,17 Dec 110.00 (AAPL1715L110-I),32.7,37.7,0,165,110.0,0.334037947285
7857,17 Dec 115.00 (AAPL1715L115-3),28.0,33.0,0,165,115.0,0.307026674528
7863,17 Dec 115.00 (AAPL1715L115-I),28.0,33.0,0,165,115.0,0.307026674528
7873,17 Dec 120.00 (AAPL1715L120-3),23.5,28.5,0,165,120.0,0.286492532238
7879,17 Dec 120.00 (AAPL1715L120-I),23.5,28.5,0,165,120.0,0.286492532238
7889,17 Dec 125.00 (AAPL1715L125-3),19.25,24.25,0,165,125.0,0.270705319046
7895,17 Dec 125.00 (AAPL1715L125-I),19.25,24.25,0,165,125.0,0.270705319046
7905,17 Dec 130.00 (AAPL1715L130-3),15.3,20.3,0,165,130.0,0.258049718993
7911,17 Dec 130.00 (AAPL1715L130-I),15.3,20.3,0,165,130.0,0.258049718993
7921,17 Dec 135.00 (AAPL1715L135-3),11.75,16.75,0,165,135.0,0.248823725909
7927,17 Dec 135.00 (AAPL1715L135-I),11.75,16.75,0,165,135.0,0.248823725909
7937,17 Dec 140.00 (AAPL1715L140-3),8.6,13.6,0,165,140.0,0.240734947748
7943,17 Dec 140.00 (AAPL1715L140-I),8.6,13.6,0,165,140.0,0.240734947748
7953,17 Dec 145.00 (AAPL1715L145-3),5.95,10.95,0,165,145.0,0.235165343562
7959,17 Dec 145.00 (AAPL1715L145-I),5.95,10.95,0,165,145.0,0.235165343562
7969,17 Dec 150.00 (AAPL1715L150-3),3.75,8.75,0,165,150.0,0.230249628741
7975,17 Dec 150.00 (AAPL1715L150-I),3.75,8.75,0,165,150.0,0.230249628741
7985,17 Dec 155.00 (AAPL1715L155-3),2.0,7.0,0,165,155.0,0.226291026659
7991,17 Dec 155.00 (AAPL1715L155-I),2.0,7.0,0,165,155.0,0.226291026659
8001,17 Dec 160.00 (AAPL1715L160-3),0.1,5.1,0,165,160.0,0.204942042778
8007,17 Dec 160.00 (AAPL1715L160-I),0.1,5.1,0,165,160.0,0.204942042778
8305,18 Jan 2.50 (AAPL1819A2.5-3),139.6,144.6,0,196,2.5,5.33955885702
8311,18 Jan 2.50 (AAPL1819A2.5-I),139.6,144.6,0,196,2.5,5.33955885702
8321,18 Jan 5.00 (AAPL1819A5-3),137.1,142.1,0,196,5.0,3.55487068876
8327,18 Jan 5.00 (AAPL1819A5-I),137.1,142.1,0,196,5.0,3.55487068876
8337,18 Jan 7.50 (AAPL1819A7.5-3),134.6,139.6,0,196,7.5,2.92784488724
8343,18 Jan 7.50 (AAPL1819A7.5-I),134.6,139.6,0,196,7.5,2.92784488724
8353,18 Jan 10.00 (AAPL1819A10-3),132.15,137.15,0,196,10.0,2.57307022063
8359,18 Jan 10.00 (AAPL1819A10-I),132.15,137.15,0,196,10.0,2.57307022063
8369,18 Jan 12.50 (AAPL1819A12.5-3),129.65,134.65,0,196,12.5,2.30725243181
8375,18 Jan 12.50 (AAPL1819A12.5-I),129.65,134.65,0,196,12.5,2.30725243181
8385,18 Jan 15.00 (AAPL1819A15-3),127.15,132.15,0,196,15.0,2.10402938598
8391,18 Jan 15.00 (AAPL1819A15-I),127.15,132.15,0,196,15.0,2.10402938598
8401,18 Jan 17.50 (AAPL1819A17.5-3),124.65,129.65,0,196,17.5,1.9403043235
8407,18 Jan 17.50 (AAPL1819A17.5-I),124.65,129.65,0,196,17.5,1.9403043235
8417,18 Jan 20.00 (AAPL1819A20-3),122.15,127.15,0,196,20.0,1.80363496961
8423,18 Jan 20.00 (AAPL1819A20-I),122.15,127.15,0,196,20.0,1.80363496961
8433,18 Jan 22.50 (AAPL1819A22.5-3),119.65,124.65,0,196,22.5,1.68658616665
8439,18 Jan 22.50 (AAPL1819A22.5-I),119.65,124.65,0,196,22.5,1.68658616665
8449,18 Jan 25.00 (AAPL1819A25-3),117.15,122.15,0,196,25.0,1.58437665674
8455,18 Jan 25.00 (AAPL1819A25-I),117.15,122.15,0,196,25.0,1.58437665674
8465,18 Jan 30.00 (AAPL1819A30-3),112.15,117.15,0,196,30.0,1.41242918159
8471,18 Jan 30.00 (AAPL1819A30-I),112.15,117.15,0,196,30.0,1.41242918159
8481,18 Jan 35.00 (AAPL1819A35-3),107.15,112.15,0,196,35.0,1.27129662109
8487,18 Jan 35.00 (AAPL1819A35-I),107.15,112.15,0,196,35.0,1.27129662109
8497,18 Jan 40.00 (AAPL1819A40-3),102.15,107.15,0,196,40.0,1.15174256923
8503,18 Jan 40.00 (AAPL1819A40-I),102.15,107.15,0,196,40.0,1.15174256923
8513,18 Jan 42.50 (AAPL1819A42.5-3),99.65,104.65,0,196,42.5,1.09819644421
8519,18 Jan 42.50 (AAPL1819A42.5-I),99.65,104.65,0,196,42.5,1.09819644421
8529,18 Jan 45.00 (AAPL1819A45-3),97.15,102.15,0,196,45.0,1.04809280067
8535,18 Jan 45.00 (AAPL1819A45-I),97.15,102.15,0,196,45.0,1.04809280067
8545,18 Jan 47.50 (AAPL1819A47.5-3),94.65,99.65,0,196,47.5,1.00101604103
8551,18 Jan 47.50 (AAPL1819A47.5-I),94.65,99.65,0,196,47.5,1.00101604103
8561,18 Jan 50.00 (AAPL1819A50-3),92.15,97.15,0,196,50.0,0.956619900889
8567,18 Jan 50.00 (AAPL1819A50-I),92.15,97.15,0,196,50.0,0.956619900889
8577,18 Jan 55.00 (AAPL1819A55-3),87.2,92.2,0,196,55.0,0.880940921049
8583,18 Jan 55.00 (AAPL1819A55-I),87.2,92.2,0,196,55.0,0.880940921049
8593,18 Jan 60.00 (AAPL1819A60-3),82.2,87.2,0,196,60.0,0.806416172333
8599,18 Jan 60.00 (AAPL1819A60-I),82.2,87.2,0,196,60.0,0.806416172333
8609,18 Jan 65.00 (AAPL1819A65-3),77.2,82.2,0,196,65.0,0.738297298852
8615,18 Jan 65.00 (AAPL1819A65-I),77.2,82.2,0,196,65.0,0.738297298852
8625,18 Jan 70.00 (AAPL1819A70-3),72.2,77.2,0,196,70.0,0.67552284357
8631,18 Jan 70.00 (AAPL1819A70-I),72.2,77.2,0,196,70.0,0.67552284357
8641,18 Jan 75.00 (AAPL1819A75-3),67.2,72.2,0,196,75.0,0.617262081555
8647,18 Jan 75.00 (AAPL1819A75-I),67.2,72.2,0,196,75.0,0.617262081555
8657,18 Jan 80.00 (AAPL1819A80-3),62.2,67.2,0,196,80.0,0.562850785141
8663,18 Jan 80.00 (AAPL1819A80-I),62.2,67.2,0,196,80.0,0.562850785141
8673,18 Jan 82.50 (AAPL1819A82.5-3),59.75,64.75,0,196,82.5,0.541217885144
8679,18 Jan 82.50 (AAPL1819A82.5-I),59.75,64.75,0,196,82.5,0.541217885144
8689,18 Jan 85.00 (AAPL1819A85-3),57.25,62.25,0,196,85.0,0.51591685514
8695,18 Jan 85.00 (AAPL1819A85-I),57.25,62.25,0,196,85.0,0.51591685514
8705,18 Jan 87.50 (AAPL1819A87.5-3),54.75,59.75,0,196,87.5,0.491331963675
8711,18 Jan 87.50 (AAPL1819A87.5-I),54.75,59.75,0,196,87.5,0.491331963675
8721,18 Jan 90.00 (AAPL1819A90-3),52.25,57.25,0,196,90.0,0.467413291495
8727,18 Jan 90.00 (AAPL1819A90-I),52.25,57.25,0,196,90.0,0.467413291495
8737,18 Jan 92.50 (AAPL1819A92.5-3),49.8,54.8,0,196,92.5,0.447845985798
8743,18 Jan 92.50 (AAPL1819A92.5-I),49.8,54.8,0,196,92.5,0.447845985798
8753,18 Jan 95.00 (AAPL1819A95-3),47.35,52.35,0,196,95.0,0.42856148738
8759,18 Jan 95.00 (AAPL1819A95-I),47.35,52.35,0,196,95.0,0.42856148738
8769,18 Jan 97.50 (AAPL1819A97.5-3),44.9,49.9,0,196,97.5,0.409532339148
8775,18 Jan 97.50 (AAPL1819A97.5-I),44.9,49.9,0,196,97.5,0.409532339148
8785,18 Jan 100.00 (AAPL1819A100-3),42.45,47.45,0,196,100.0,0.390731703188
8791,18 Jan 100.00 (AAPL1819A100-I),42.45,47.45,0,196,100.0,0.390731703188
8801,18 Jan 105.00 (AAPL1819A105-3),37.6,42.6,0,196,105.0,0.356613796806
8807,18 Jan 105.00 (AAPL1819A105-I),37.6,42.6,0,196,105.0,0.356613796806
8817,18 Jan 110.00 (AAPL1819A110-3),32.9,37.9,0,196,110.0,0.330197981342
8823,18 Jan 110.00 (AAPL1819A110-I),32.9,37.9,0,196,110.0,0.330197981342
8833,18 Jan 115.00 (AAPL1819A115-3),28.3,33.3,0,196,115.0,0.306363428324
8839,18 Jan 115.00 (AAPL1819A115-I),28.3,33.3,0,196,115.0,0.306363428324
8849,18 Jan 120.00 (AAPL1819A120-3),23.9,28.9,0,196,120.0,0.287397673393
8855,18 Jan 120.00 (AAPL1819A120-I),23.9,28.9,0,196,120.0,0.287397673393
8865,18 Jan 125.00 (AAPL1819A125-3),19.75,24.75,0,196,125.0,0.2723027286
8871,18 Jan 125.00 (AAPL1819A125-I),19.75,24.75,0,196,125.0,0.2723027286
8881,18 Jan 130.00 (AAPL1819A130-3),15.95,20.95,0,196,130.0,0.261544242262
8887,18 Jan 130.00 (AAPL1819A130-I),15.95,20.95,0,196,130.0,0.261544242262
8897,18 Jan 135.00 (AAPL1819A135-3),12.5,17.5,0,196,135.0,0.25269448167
8903,18 Jan 135.00 (AAPL1819A135-I),12.5,17.5,0,196,135.0,0.25269448167
8913,18 Jan 140.00 (AAPL1819A140-3),9.4,14.4,0,196,140.0,0.244348614653
8919,18 Jan 140.00 (AAPL1819A140-I),9.4,14.4,0,196,140.0,0.244348614653
8929,18 Jan 145.00 (AAPL1819A145-3),6.8,11.8,0,196,145.0,0.239266931305
8935,18 Jan 145.00 (AAPL1819A145-I),6.8,11.8,0,196,145.0,0.239266931305
8945,18 Jan 150.00 (AAPL1819A150-3),4.6,9.6,0,196,150.0,0.234610616468
8951,18 Jan 150.00 (AAPL1819A150-I),4.6,9.6,0,196,150.0,0.234610616468
8961,18 Jan 155.00 (AAPL1819A155-3),2.8,7.8,0,196,155.0,0.230607907237
8967,18 Jan 155.00 (AAPL1819A155-I),2.8,7.8,0,196,155.0,0.230607907237
8977,18 Jan 160.00 (AAPL1819A160-3),1.4,6.4,0,196,160.0,0.228039973808
8983,18 Jan 160.00 (AAPL1819A160-I),1.4,6.4,0,196,160.0,0.228039973808
8993,18 Jan 165.00 (AAPL1819A165-3),0.3,5.3,0,196,165.0,0.225385056465
8999,18 Jan 165.00 (AAPL1819A165-I),0.3,5.3,0,196,165.0,0.225385056465
9009,18 Jan 170.00 (AAPL1819A170-3),1.15,6.15,0,196,170.0,0.279977803815
9015,18 Jan 170.00 (AAPL1819A170-I),1.05,6.05,0,196,170.0,0.276853709695
9457,18 Feb 80.00 (AAPL1816B80-3),62.2,67.2,0,222,80.0,0.548162204618
9463,18 Feb 80.00 (AAPL1816B80-I),62.2,67.2,0,222,80.0,0.548162204618
9473,18 Feb 85.00 (AAPL1816B85-3),57.25,62.25,0,222,85.0,0.502296042833
9479,18 Feb 85.00 (AAPL1816B85-I),57.25,62.25,0,222,85.0,0.502296042833
9489,18 Feb 90.00 (AAPL1816B90-3),52.3,57.3,0,222,90.0,0.458712637926
9495,18 Feb 90.00 (AAPL1816B90-I),52.3,57.3,0,222,90.0,0.458712637926
9505,18 Feb 95.00 (AAPL1816B95-3),47.4,52.4,0,222,95.0,0.420175349832
9511,18 Feb 95.00 (AAPL1816B95-I),47.4,52.4,0,222,95.0,0.420175349832
9521,18 Feb 100.00 (AAPL1816B100-3),42.55,47.55,0,222,100.0,0.385593203667
9527,18 Feb 100.00 (AAPL1816B100-I),42.55,47.55,0,222,100.0,0.385593203667
9537,18 Feb 105.00 (AAPL1816B105-3),37.8,42.8,0,222,105.0,0.35644451706
9543,18 Feb 105.00 (AAPL1816B105-I),37.8,42.8,0,222,105.0,0.35644451706
9553,18 Feb 110.00 (AAPL1816B110-3),33.15,38.15,0,222,110.0,0.330960829838
9559,18 Feb 110.00 (AAPL1816B110-I),33.15,38.15,0,222,110.0,0.330960829838
9569,18 Feb 115.00 (AAPL1816B115-3),28.7,33.7,0,222,115.0,0.311473433908
9575,18 Feb 115.00 (AAPL1816B115-I),28.7,33.7,0,222,115.0,0.311473433908
9585,18 Feb 120.00 (AAPL1816B120-3),24.4,29.4,0,222,120.0,0.293674042259
9591,18 Feb 120.00 (AAPL1816B120-I),24.4,29.4,0,222,120.0,0.293674042259
9601,18 Feb 125.00 (AAPL1816B125-3),20.4,25.4,0,222,125.0,0.280685116633
9607,18 Feb 125.00 (AAPL1816B125-I),20.4,25.4,0,222,125.0,0.280685116633
9617,18 Feb 130.00 (AAPL1816B130-3),16.7,21.7,0,222,130.0,0.27015231007
9623,18 Feb 130.00 (AAPL1816B130-I),16.7,21.7,0,222,130.0,0.27015231007
9633,18 Feb 135.00 (AAPL1816B135-3),13.35,18.35,0,222,135.0,0.261805452903
9639,18 Feb 135.00 (AAPL1816B135-I),13.35,18.35,0,222,135.0,0.261805452903
9649,18 Feb 140.00 (AAPL1816B140-3),10.35,15.35,0,222,140.0,0.254505164456
9655,18 Feb 140.00 (AAPL1816B140-I),10.35,15.35,0,222,140.0,0.254505164456
9665,18 Feb 145.00 (AAPL1816B145-3),7.75,12.75,0,222,145.0,0.248752238668
9671,18 Feb 145.00 (AAPL1816B145-I),7.75,12.75,0,222,145.0,0.248752238668
9681,18 Feb 150.00 (AAPL1816B150-3),5.55,10.55,0,222,150.0,0.244277540746
9687,18 Feb 150.00 (AAPL1816B150-I),5.55,10.55,0,222,150.0,0.244277540746
9697,18 Feb 155.00 (AAPL1816B155-3),3.7,8.7,0,222,155.0,0.240104818729
9703,18 Feb 155.00 (AAPL1816B155-I),3.7,8.7,0,222,155.0,0.240104818729
9713,18 Feb 160.00 (AAPL1816B160-3),2.25,7.25,0,222,160.0,0.238006626595
9719,18 Feb 160.00 (AAPL1816B160-I),2.25,7.25,0,222,160.0,0.238006626595
9729,18 Feb 165.00 (AAPL1816B165-3),1.1,6.1,0,222,165.0,0.236544384554
9735,18 Feb 165.00 (AAPL1816B165-I),1.1,6.1,0,222,165.0,0.236544384554
9745,18 Feb 170.00 (AAPL1816B170-3),0.2,5.2,0,222,170.0,0.235490102524
9751,18 Feb 170.00 (AAPL1816B170-I),0.2,5.2,0,222,170.0,0.235490102524
10017,18 Apr 85.00 (AAPL1820D85-3),57.25,62.25,0,285,85.0,0.476936849438
10023,18 Apr 85.00 (AAPL1820D85-I),57.25,62.25,0,285,85.0,0.476936849438
10033,18 Apr 90.00 (AAPL1820D90-3),52.35,57.35,0,285,90.0,0.438078161884
10039,18 Apr 90.00 (AAPL1820D90-I),52.35,57.35,0,285,90.0,0.438078161884
10049,18 Apr 95.00 (AAPL1820D95-3),47.5,52.5,0,285,95.0,0.403169420182
10055,18 Apr 95.00 (AAPL1820D95-I),47.5,52.5,0,285,95.0,0.403169420182
10065,18 Apr 100.00 (AAPL1820D100-3),42.75,47.75,0,285,100.0,0.373530688304
10071,18 Apr 100.00 (AAPL1820D100-I),42.75,47.75,0,285,100.0,0.373530688304
10081,18 Apr 105.00 (AAPL1820D105-3),38.1,43.1,0,285,105.0,0.347741994854
10087,18 Apr 105.00 (AAPL1820D105-I),38.1,43.1,0,285,105.0,0.347741994854
10097,18 Apr 110.00 (AAPL1820D110-3),33.6,38.6,0,285,110.0,0.326292231416
10103,18 Apr 110.00 (AAPL1820D110-I),33.6,38.6,0,285,110.0,0.326292231416
10113,18 Apr 115.00 (AAPL1820D115-3),29.3,34.3,0,285,115.0,0.30911882749
10119,18 Apr 115.00 (AAPL1820D115-I),29.3,34.3,0,285,115.0,0.30911882749
10129,18 Apr 120.00 (AAPL1820D120-3),25.2,30.2,0,285,120.0,0.294471752315
10135,18 Apr 120.00 (AAPL1820D120-I),25.2,30.2,0,285,120.0,0.294471752315
10145,18 Apr 125.00 (AAPL1820D125-3),21.35,26.35,0,285,125.0,0.282319064783
10151,18 Apr 125.00 (AAPL1820D125-I),21.35,26.35,0,285,125.0,0.282319064783
10161,18 Apr 130.00 (AAPL1820D130-3),17.8,22.8,0,285,130.0,0.272573066414
10167,18 Apr 130.00 (AAPL1820D130-I),17.8,22.8,0,285,130.0,0.272573066414
10177,18 Apr 135.00 (AAPL1820D135-3),14.55,19.55,0,285,135.0,0.264168075597
10183,18 Apr 135.00 (AAPL1820D135-I),14.55,19.55,0,285,135.0,0.264168075597
10193,18 Apr 140.00 (AAPL1820D140-3),11.65,16.65,0,285,140.0,0.257452923063
10199,18 Apr 140.00 (AAPL1820D140-I),11.65,16.65,0,285,140.0,0.257452923063
10209,18 Apr 145.00 (AAPL1820D145-3),9.1,14.1,0,285,145.0,0.251951936574
10215,18 Apr 145.00 (AAPL1820D145-I),9.1,14.1,0,285,145.0,0.251951936574
10225,18 Apr 150.00 (AAPL1820D150-3),6.9,11.9,0,285,150.0,0.247510077269
10231,18 Apr 150.00 (AAPL1820D150-I),6.9,11.9,0,285,150.0,0.247510077269
10241,18 Apr 155.00 (AAPL1820D155-3),5.05,10.05,0,285,155.0,0.2442587834
10247,18 Apr 155.00 (AAPL1820D155-I),5.05,10.05,0,285,155.0,0.2442587834
10257,18 Apr 160.00 (AAPL1820D160-3),3.45,8.45,0,285,160.0,0.240452852424
10263,18 Apr 160.00 (AAPL1820D160-I),3.45,8.45,0,285,160.0,0.240452852424
10273,18 Apr 165.00 (AAPL1820D165-3),2.2,7.2,0,285,165.0,0.238797902795
10279,18 Apr 165.00 (AAPL1820D165-I),2.2,7.2,0,285,165.0,0.238797902795
10289,18 Apr 170.00 (AAPL1820D170-3),1.15,6.15,0,285,170.0,0.236625141606
10295,18 Apr 170.00 (AAPL1820D170-I),1.15,6.15,0,285,170.0,0.236625141606
10305,18 Apr 175.00 (AAPL1820D175-3),0.35,5.35,0,285,175.0,0.236009616064
10311,18 Apr 175.00 (AAPL1820D175-I),0.35,5.35,0,285,175.0,0.236009616064
10433,18 Jun 70.00 (AAPL1815F70-3),62.2,87.2,0,346,70.0,0.599605461429
10439,18 Jun 70.00 (AAPL1815F70-I),62.2,87.2,0,346,70.0,0.599605461429
10449,18 Jun 75.00 (AAPL1815F75-3),57.2,82.2,0,346,75.0,0.548730084389
10455,18 Jun 75.00 (AAPL1815F75-I),57.2,82.2,0,346,75.0,0.548730084389
10465,18 Jun 80.00 (AAPL1815F80-3),52.25,77.25,0,346,80.0,0.503790013809
10471,18 Jun 80.00 (AAPL1815F80-I),52.25,77.25,0,346,80.0,0.503790013809
10481,18 Jun 85.00 (AAPL1815F85-3),47.3,72.3,0,346,85.0,0.461468582417
10487,18 Jun 85.00 (AAPL1815F85-I),47.3,72.3,0,346,85.0,0.461468582417
10497,18 Jun 90.00 (AAPL1815F90-3),42.4,67.4,0,346,90.0,0.423561458869
10503,18 Jun 90.00 (AAPL1815F90-I),42.4,67.4,0,346,90.0,0.423561458869
10513,18 Jun 95.00 (AAPL1815F95-3),37.65,62.65,0,346,95.0,0.39327215236
10519,18 Jun 95.00 (AAPL1815F95-I),37.65,62.65,0,346,95.0,0.39327215236
10529,18 Jun 100.00 (AAPL1815F100-3),33.0,58.0,0,346,100.0,0.367006636402
10535,18 Jun 100.00 (AAPL1815F100-I),33.0,58.0,0,346,100.0,0.367006636402
10545,18 Jun 105.00 (AAPL1815F105-3),28.45,53.45,0,346,105.0,0.343657317286
10551,18 Jun 105.00 (AAPL1815F105-I),28.45,53.45,0,346,105.0,0.343657317286
10561,18 Jun 110.00 (AAPL1815F110-3),24.1,49.1,0,346,110.0,0.325219145706
10567,18 Jun 110.00 (AAPL1815F110-I),24.1,49.1,0,346,110.0,0.325219145706
10577,18 Jun 115.00 (AAPL1815F115-3),19.95,44.95,0,346,115.0,0.310055627179
10583,18 Jun 115.00 (AAPL1815F115-I),19.95,44.95,0,346,115.0,0.310055627179
10593,18 Jun 120.00 (AAPL1815F120-3),16.0,41.0,0,346,120.0,0.296914258202
10599,18 Jun 120.00 (AAPL1815F120-I),16.0,41.0,0,346,120.0,0.296914258202
10609,18 Jun 125.00 (AAPL1815F125-3),12.3,37.3,0,346,125.0,0.285975441696
10615,18 Jun 125.00 (AAPL1815F125-I),12.3,37.3,0,346,125.0,0.285975441696
10625,18 Jun 130.00 (AAPL1815F130-3),8.9,33.9,0,346,130.0,0.277359053759
10631,18 Jun 130.00 (AAPL1815F130-I),8.9,33.9,0,346,130.0,0.277359053759
10641,18 Jun 135.00 (AAPL1815F135-3),5.75,30.75,0,346,135.0,0.269314587316
10647,18 Jun 135.00 (AAPL1815F135-I),5.75,30.75,0,346,135.0,0.269314587316
10657,18 Jun 140.00 (AAPL1815F140-3),2.95,27.95,0,346,140.0,0.263328214096
10663,18 Jun 140.00 (AAPL1815F140-I),2.95,27.95,0,346,140.0,0.263328214096
10673,18 Jun 145.00 (AAPL1815F145-3),0.45,25.45,0,346,145.0,0.258127390633
10679,18 Jun 145.00 (AAPL1815F145-I),0.45,25.45,0,346,145.0,0.258127390633
11025,18 Sep 75.00 (AAPL1821I75-3),57.2,82.2,0,438,75.0,0.525175965332
11031,18 Sep 75.00 (AAPL1821I75-I),57.2,82.2,0,438,75.0,0.525175965332
11041,18 Sep 80.00 (AAPL1821I80-3),52.25,77.25,0,438,80.0,0.482115270655
11047,18 Sep 80.00 (AAPL1821I80-I),52.25,77.25,0,438,80.0,0.482115270655
11057,18 Sep 85.00 (AAPL1821I85-3),47.4,72.4,0,438,85.0,0.445398634672
11063,18 Sep 85.00 (AAPL1821I85-I),47.4,72.4,0,438,85.0,0.445398634672
11073,18 Sep 90.00 (AAPL1821I90-3),42.6,67.6,0,438,90.0,0.412119114519
11079,18 Sep 90.00 (AAPL1821I90-I),42.6,67.6,0,438,90.0,0.412119114519
11089,18 Sep 95.00 (AAPL1821I95-3),38.0,63.0,0,438,95.0,0.386425302304
11095,18 Sep 95.00 (AAPL1821I95-I),38.0,63.0,0,438,95.0,0.386425302304
11105,18 Sep 100.00 (AAPL1821I100-3),33.5,58.5,0,438,100.0,0.363608821047
11111,18 Sep 100.00 (AAPL1821I100-I),33.5,58.5,0,438,100.0,0.363608821047
11121,18 Sep 105.00 (AAPL1821I105-3),29.2,54.2,0,438,105.0,0.345528424182
11127,18 Sep 105.00 (AAPL1821I105-I),29.2,54.2,0,438,105.0,0.345528424182
11137,18 Sep 110.00 (AAPL1821I110-3),25.05,50.05,0,438,110.0,0.329629630173
11143,18 Sep 110.00 (AAPL1821I110-I),25.05,50.05,0,438,110.0,0.329629630173
11153,18 Sep 115.00 (AAPL1821I115-3),21.1,46.1,0,438,115.0,0.316264882588
11159,18 Sep 115.00 (AAPL1821I115-I),21.1,46.1,0,438,115.0,0.316264882588
11169,18 Sep 120.00 (AAPL1821I120-3),17.35,42.35,0,438,120.0,0.304598722898
11175,18 Sep 120.00 (AAPL1821I120-I),17.35,42.35,0,438,120.0,0.304598722898
11185,18 Sep 125.00 (AAPL1821I125-3),13.85,38.85,0,438,125.0,0.294962827704
11191,18 Sep 125.00 (AAPL1821I125-I),13.85,38.85,0,438,125.0,0.294962827704
11201,18 Sep 130.00 (AAPL1821I130-3),10.6,35.6,0,438,130.0,0.286740235493
11207,18 Sep 130.00 (AAPL1821I130-I),10.6,35.6,0,438,130.0,0.286740235493
11217,18 Sep 135.00 (AAPL1821I135-3),7.6,32.6,0,438,135.0,0.279510663361
11223,18 Sep 135.00 (AAPL1821I135-I),7.6,32.6,0,438,135.0,0.279510663361
11233,18 Sep 140.00 (AAPL1821I140-3),4.9,29.9,0,438,140.0,0.273832793633
11239,18 Sep 140.00 (AAPL1821I140-I),4.9,29.9,0,438,140.0,0.273832793633
11249,18 Sep 145.00 (AAPL1821I145-3),2.45,27.45,0,438,145.0,0.268686055448
11255,18 Sep 145.00 (AAPL1821I145-I),2.45,27.45,0,438,145.0,0.268686055448
11265,18 Sep 150.00 (AAPL1821I150-3),0.25,25.25,0,438,150.0,0.264033670188
11271,18 Sep 150.00 (AAPL1821I150-I),0.25,25.25,0,438,150.0,0.264033670188
11601,19 Jan 42.50 (AAPL1918A42.5-3),89.65,114.65,0,561,42.5,0.895329801458
11607,19 Jan 42.50 (AAPL1918A42.5-I),89.65,114.65,0,561,42.5,0.895329801458
11617,19 Jan 47.50 (AAPL1918A47.5-3),84.65,109.65,0,561,47.5,0.814955121027
11623,19 Jan 47.50 (AAPL1918A47.5-I),84.65,109.65,0,561,47.5,0.814955121027
11633,19 Jan 55.00 (AAPL1918A55-3),77.2,102.2,0,561,55.0,0.714204494944
11639,19 Jan 55.00 (AAPL1918A55-I),77.2,102.2,0,561,55.0,0.714204494944
11649,19 Jan 60.00 (AAPL1918A60-3),72.2,97.2,0,561,60.0,0.654222201422
11655,19 Jan 60.00 (AAPL1918A60-I),72.2,97.2,0,561,60.0,0.654222201422
11665,19 Jan 65.00 (AAPL1918A65-3),67.2,92.2,0,561,65.0,0.59975602811
11671,19 Jan 65.00 (AAPL1918A65-I),67.2,92.2,0,561,65.0,0.59975602811
11681,19 Jan 70.00 (AAPL1918A70-3),62.2,87.2,0,561,70.0,0.549830102051
11687,19 Jan 70.00 (AAPL1918A70-I),62.2,87.2,0,561,70.0,0.549830102051
11697,19 Jan 75.00 (AAPL1918A75-3),57.25,82.25,0,561,75.0,0.505432181385
11703,19 Jan 75.00 (AAPL1918A75-I),57.25,82.25,0,561,75.0,0.505432181385
11713,19 Jan 80.00 (AAPL1918A80-3),52.35,77.35,0,561,80.0,0.465652633568
11719,19 Jan 80.00 (AAPL1918A80-I),52.35,77.35,0,561,80.0,0.465652633568
11729,19 Jan 85.00 (AAPL1918A85-3),47.6,72.6,0,561,85.0,0.432762950065
11735,19 Jan 85.00 (AAPL1918A85-I),47.6,72.6,0,561,85.0,0.432762950065
11745,19 Jan 90.00 (AAPL1918A90-3),43.0,68.0,0,561,90.0,0.405460007777
11751,19 Jan 90.00 (AAPL1918A90-I),43.0,68.0,0,561,90.0,0.405460007777
11761,19 Jan 95.00 (AAPL1918A95-3),38.55,63.55,0,561,95.0,0.382574476066
11767,19 Jan 95.00 (AAPL1918A95-I),38.55,63.55,0,561,95.0,0.382574476066
11777,19 Jan 97.50 (AAPL1918A97.5-3),36.35,61.35,0,561,97.5,0.371693776295
11783,19 Jan 97.50 (AAPL1918A97.5-I),36.35,61.35,0,561,97.5,0.371693776295
11793,19 Jan 100.00 (AAPL1918A100-3),34.25,59.25,0,561,100.0,0.363093846783
11799,19 Jan 100.00 (AAPL1918A100-I),34.25,59.25,0,561,100.0,0.363093846783
11809,19 Jan 105.00 (AAPL1918A105-3),30.1,55.1,0,561,105.0,0.346172727169
11815,19 Jan 105.00 (AAPL1918A105-I),30.1,55.1,0,561,105.0,0.346172727169
11825,19 Jan 110.00 (AAPL1918A110-3),26.2,51.2,0,561,110.0,0.333140536981
11831,19 Jan 110.00 (AAPL1918A110-I),26.2,51.2,0,561,110.0,0.333140536981
11841,19 Jan 115.00 (AAPL1918A115-3),22.45,47.45,0,561,115.0,0.321153108449
11847,19 Jan 115.00 (AAPL1918A115-I),22.45,47.45,0,561,115.0,0.321153108449
11857,19 Jan 120.00 (AAPL1918A120-3),18.95,43.95,0,561,120.0,0.311597459165
11863,19 Jan 120.00 (AAPL1918A120-I),18.95,43.95,0,561,120.0,0.311597459165
11873,19 Jan 125.00 (AAPL1918A125-3),15.6,40.6,0,561,125.0,0.302240072266
11879,19 Jan 125.00 (AAPL1918A125-I),15.6,40.6,0,561,125.0,0.302240072266
11889,19 Jan 130.00 (AAPL1918A130-3),12.55,37.55,0,561,130.0,0.295276327581
11895,19 Jan 130.00 (AAPL1918A130-I),12.55,37.55,0,561,130.0,0.295276327581
11905,19 Jan 135.00 (AAPL1918A135-3),9.65,34.65,0,561,135.0,0.288015875794
11911,19 Jan 135.00 (AAPL1918A135-I),9.65,34.65,0,561,135.0,0.288015875794
11921,19 Jan 140.00 (AAPL1918A140-3),7.05,32.05,0,561,140.0,0.282626712484
11927,19 Jan 140.00 (AAPL1918A140-I),7.05,32.05,0,561,140.0,0.282626712484
11937,19 Jan 145.00 (AAPL1918A145-3),4.65,29.65,0,561,145.0,0.277481253456
11943,19 Jan 145.00 (AAPL1918A145-I),4.65,29.65,0,561,145.0,0.277481253456
11953,19 Jan 150.00 (AAPL1918A150-3),2.5,27.5,0,561,150.0,0.273296365624
11969,19 Jan 155.00 (AAPL1918A155-3),0.55,25.55,0,561,155.0,0.269372373698
12033,19 Jan 175.00 (AAPL1918A175-3),1.95,26.75,0,561,175.0,0.369879662238
12039,19 Jan 175.00 (AAPL1918A175-I),1.95,26.75,0,561,175.0,0.369879662238
